Avvikelser;;;;;;;EDPMobile;; 
;;;;;;;;;
2020-08-10;;;;;;;;ARSNR ;
Urval:;Avvikelsetyp: 'Tagg ej läst', Datum: '2020-08-03...2020-08-07';;;;;;;;
 ;;;;;;;;;
Gruppering sker på fordon:;509; och avvikelsetyp:;Tagg ej läst;;;;;;
Tjänstnr;Anmärkning;Datum Tid;Mängd;Förare;Mängd;Adress;;;
177213;;2020-08-03 07:17:55;0,00;FNI;0,00;Tubbarp 15;;;
206557;;2020-08-03 08:53:46;0,00;FNI;0,00;Flasarp 1;;;
206374;;2020-08-03 10:34:57;0,00;FNI;0,00;Klerebo Bergsäter 6;;;
204637;;2020-08-04 06:58:18;0,00;FNI;0,00;Ceciliagatan 40;;;
176343;;2020-08-04 09:29:29;0,00;FNI;0,00;Östra Svinhult 40;;;
204111;;2020-08-04 09:29:38;0,00;FNI;0,00;Östra Svinhult 25;;;
176249;;2020-08-04 09:53:48;0,00;FNI;0,00;Gagnaryd 10;;;
176336;;2020-08-04 12:36:43;0,00;FNI;0,00;Sandseryds Skola 2;;;
203027;;2020-08-05 06:58:53;0,00;FNI;0,00;Holmen 5;;;
203035;;2020-08-05 06:59:01;0,00;FNI;0,00;Holmen Sörgården;;;
203833;;2020-08-05 06:59:04;0,00;FNI;0,00;Holmen 4;;;
203026;;2020-08-05 06:59:08;0,00;FNI;0,00;Holmen 3;;;
203029;;2020-08-05 07:04:36;0,00;FNI;0,00;Hökesjön 5;;;
203041;;2020-08-05 07:08:48;0,00;FNI;0,00;Hökesjön 3;;;
205669;;2020-08-05 07:08:55;0,00;FNI;0,00;Hökesjön 2;;;
203925;;2020-08-05 07:13:09;0,00;FNI;0,00;Hökesjön 7;;;
204174;;2020-08-05 07:13:15;0,00;FNI;0,00;Hökesjön 9;;;
203030;;2020-08-05 07:13:18;0,00;FNI;0,00;Hökesjön 11;;;
203908;;2020-08-05 07:14:49;0,00;FNI;0,00;Hökesjön 12;;;
203034;;2020-08-05 07:16:12;0,00;FNI;0,00;Hökesjön 14;;;
203033;;2020-08-05 07:19:58;0,00;FNI;0,00;Hökesjön Askheim 1;;;
203838;;2020-08-05 07:20:56;0,00;FNI;0,00;Perstorp 1;;;
203531;;2020-08-05 07:24:51;0,00;FNI;0,00;Holmen 10;;;
203036;;2020-08-05 07:27:50;0,00;FNI;0,00;Holmen 13;;;
203038;;2020-08-05 07:29:28;0,00;FNI;0,00;Holmen 7;;;
203037;;2020-08-05 07:30:58;0,00;FNI;0,00;Holmen Nyberga 1;;;
203040;;2020-08-05 07:32:45;0,00;FNI;0,00;Holmen 6;;;
203043;;2020-08-05 07:34:32;0,00;FNI;0,00;Holmen 25;;;
203832;;2020-08-05 07:37:27;0,00;FNI;0,00;Holmen 1;;;
203460;;2020-08-05 07:39:51;0,00;FNI;0,00;Holmen 31;;;
203042;;2020-08-05 07:41:27;0,00;FNI;0,00;Holmen 27;;;
203057;;2020-08-05 07:48:03;0,00;FNI;0,00;Lilla Slätthult Solbacken 1;;;
203058;;2020-08-05 07:51:15;0,00;FNI;0,00;Lilla Slätthult 11;;;
203062;;2020-08-05 07:53:51;0,00;FNI;0,00;Lilla Slätthult 10;;;
205093;;2020-08-05 07:56:35;0,00;FNI;0,00;Lilla Slätthult 9;;;
203064;;2020-08-05 07:59:39;0,00;FNI;0,00;Lilla Slätthult 12;;;
203060;;2020-08-05 08:01:38;0,00;FNI;0,00;Lilla Slätthult 5;;;
203061;;2020-08-05 08:03:32;0,00;FNI;0,00;Lilla Slätthult 4;;;
203063;;2020-08-05 08:06:04;0,00;FNI;0,00;Lilla Slätthult 1;;;
203028;;2020-08-05 08:14:01;0,00;FNI;0,00;Plac vid fastigheten Holmen 18;;;
203031;;2020-08-05 08:14:04;0,00;FNI;0,00;Holmen 17;;;
203834;;2020-08-05 08:16:30;0,00;FNI;0,00;Holmen 26;;;
203039;;2020-08-05 08:19:21;0,00;FNI;0,00;Holmen 27;;;
203533;;2020-08-05 08:20:49;0,00;FNI;0,00;Holmen 11;;;
204778;;2020-08-05 08:20:55;0,00;FNI;0,00;Holmen 12;;;
200797;;2020-08-05 10:33:40;0,00;FNI;0,00;Siriusvägen 1;;;
200797;;2020-08-05 10:33:48;0,00;FNI;0,00;Siriusvägen 1;;;
180401;;2020-08-05 10:37:38;0,00;FNI;0,00;Lövstigen 3;;;
176298;;2020-08-05 11:06:44;0,00;FNI;0,00;Västersjövägen 44;;;
176980;;2020-08-06 08:32:33;0,00;FNI;0,00;Axamovägen 11;;;
205682;;2020-08-06 11:12:09;0,00;FNI;0,00;Hulukvarns Gärdesväg 4;;;
143170;;2020-08-07 08:39:20;0,00;FNI;0,00;Drösphults Gård 1;;;
143170;;2020-08-07 08:39:30;0,00;FNI;0,00;Drösphults Gård 1;;;
207038;;2020-08-07 11:04:36;0,00;FNI;0,00;Åsens Gård 2;;;
;;;;;;;;∑ Mängd: ;0,00
;;;;;;;;∑ Antal:;54
Gruppering sker på fordon:;530; och avvikelsetyp:;Tagg ej läst;;;;;;
Tjänstnr;Anmärkning;Datum Tid;Mängd;Förare;Mängd;Adress;;;
186874;;2020-08-04 08:08:10;0,00;FNI;0,00;Bjurbäck Björkstigen;;;
187625;;2020-08-04 08:23:51;0,00;FNI;0,00;Bjurbäck Norra Hästhagen 1;;;
187609;;2020-08-04 10:33:12;0,00;FNI;0,00;Hagagärdet 1;;;
187050;;2020-08-04 11:25:05;0,00;FNI;0,00;Tunarps Kvarn 1;;;
187227;;2020-08-04 11:34:13;0,00;FNI;0,00;Margreteholm Olofsborg;;;
199577;;2020-08-05 09:43:43;0,00;FNI;0,00;Baremossö Gård;;;
199576;;2020-08-05 09:43:49;0,00;FNI;0,00;Baremossö Skogslund;;;
202300;;2020-08-05 11:38:37;0,00;FNI;0,00;Somneryd 6;;;
202296;;2020-08-05 11:41:20;0,00;FNI;0,00;Somneryd Nyborg;;;
202301;;2020-08-05 11:41:21;0,00;FNI;0,00;Somneryd Fridhem 1;;;
202257;;2020-08-05 12:22:44;0,00;FNI;0,00;Hornsjön 1;;;
203446;;2020-08-05 12:23:04;0,00;FNI;0,00;Hornsjön Karlskog 1;;;
186272;;2020-08-06 07:56:45;0,00;FNI;0,00;Tidaholmsvägen 6;;;
187510;;2020-08-06 07:56:52;0,00;FNI;0,00;Kyrkvägen 30;;;
187510;;2020-08-06 07:56:59;0,00;FNI;0,00;Kyrkvägen 30;;;
187510;;2020-08-06 08:18:32;0,00;FNI;0,00;Kyrkvägen 30;;;
186296;;2020-08-06 08:24:32;0,00;FNI;0,00;Tidaholmsvägen 49;;;
185284;;2020-08-06 11:58:13;0,00;FNI;0,00;Barrgatan 41;;;
185284;;2020-08-06 12:00:36;0,00;FNI;0,00;Barrgatan 41;;;
187468;;2020-08-06 12:01:22;0,00;FNI;0,00;Barrgatan 39;;;
185261;;2020-08-06 12:01:23;0,00;FNI;0,00;Barrgatan 2;;;
185286;;2020-08-06 12:05:25;0,00;FNI;0,00;Barrgatan 16;;;
185280;;2020-08-06 12:05:31;0,00;FNI;0,00;Barrgatan 37;;;
186296;;2020-08-06 12:53:05;0,00;FNI;0,00;Tidaholmsvägen 49;;;
;;;;;;;;∑ Mängd: ;0,00
;;;;;;;;∑ Antal:;24
Gruppering sker på fordon:;531; och avvikelsetyp:;Tagg ej läst;;;;;;
Tjänstnr;Anmärkning;Datum Tid;Mängd;Förare;Mängd;Adress;;;
208561;;2020-08-03 08:00:22;0,00;FNI;0,00;Bockstigen 21;;;
194901;;2020-08-03 10:18:03;0,00;FNI;0,00;Smörblomsgatan 14;;;
192661;;2020-08-03 10:37:31;0,00;FNI;0,00;Bklåklintsgatan 1;;;
194905;;2020-08-03 11:55:11;0,00;FNI;0,00;Rapsgatan 4;;;
193573;;2020-08-03 11:55:17;0,00;FNI;0,00;Skyttevägen 2 A;;;
195860;;2020-08-03 12:22:38;0,00;FNI;0,00;Viktoriagatan 4;;;
195869;;2020-08-03 12:23:06;0,00;FNI;0,00;Viktoriagatan 13;;;
198498;;2020-08-04 12:43:21;0,00;FNI;0,00;Mogatan 7;;;
199538;;2020-08-04 12:47:46;0,00;FNI;0,00;Ljunghem Enkulla;;;
107047;;2020-08-07 07:08:00;0,00;FNI;0,00;Åsenvägen 67;;;
107049;;2020-08-07 07:08:14;0,00;FNI;0,00;Åsenvägen 69;;;
142392;;2020-08-07 07:08:16;0,00;FNI;0,00;Sveagatan 23 A;;;
159678;;2020-08-07 07:29:32;0,00;FNI;0,00;Mariebogatan 27 A;;;
107063;;2020-08-07 07:29:34;0,00;FNI;0,00;Mariebogatan 28;;;
107065;;2020-08-07 07:29:36;0,00;FNI;0,00;Mariebogatan 26;;;
107206;;2020-08-07 07:29:38;0,00;FNI;0,00;Mariebogatan 40;;;
107200;;2020-08-07 07:29:45;0,00;FNI;0,00;Mariebogatan 34 A;;;
107202;;2020-08-07 07:29:49;0,00;FNI;0,00;Mariebogatan 36;;;
107198;;2020-08-07 07:29:53;0,00;FNI;0,00;Mariebogatan 34 B;;;
107080;;2020-08-07 07:29:55;0,00;FNI;0,00;Mariebogatan 33;;;
107057;;2020-08-07 07:29:57;0,00;FNI;0,00;Marielundsgatan 3;;;
107208;;2020-08-07 07:33:08;0,00;FNI;0,00;Mariebogatan 35;;;
107211;;2020-08-07 07:33:25;0,00;FNI;0,00;Skogsstigen 4;;;
107237;;2020-08-07 07:42:01;0,00;FNI;0,00;Skogsstigen 3;;;
107219;;2020-08-07 07:42:07;0,00;FNI;0,00;Skogsstigen 12;;;
107233;;2020-08-07 07:42:16;0,00;FNI;0,00;Skogsstigen 9;;;
107221;;2020-08-07 07:42:17;0,00;FNI;0,00;Skogsstigen 14;;;
107223;;2020-08-07 07:42:23;0,00;FNI;0,00;Skogsstigen 16;;;
107229;;2020-08-07 07:44:34;0,00;FNI;0,00;Skogsstigen 22;;;
107190;;2020-08-07 07:50:50;0,00;FNI;0,00;Åsenvägen 92;;;
107192;;2020-08-07 07:50:58;0,00;FNI;0,00;Åsenvägen 90;;;
107194;;2020-08-07 07:53:07;0,00;FNI;0,00;Åsenvägen 88;;;
107095;;2020-08-07 07:54:11;0,00;FNI;0,00;Skeppargatan 5;;;
107090;;2020-08-07 08:04:47;0,00;FNI;0,00;Marielundsgatan 9;;;
107092;;2020-08-07 08:04:53;0,00;FNI;0,00;Skeppargatan 6;;;
107183;;2020-08-07 08:13:36;0,00;FNI;0,00;Åsenvägen 99;;;
107181;;2020-08-07 08:15:56;0,00;FNI;0,00;Åsenvägen 98;;;
107175;;2020-08-07 08:17:49;0,00;FNI;0,00;Åsenvägen 107;;;
107152;;2020-08-07 08:24:42;0,00;FNI;0,00;Nylundsgatan 1;;;
125043;;2020-08-07 08:26:48;0,00;FNI;0,00;Nylundsgatan 4;;;
159632;;2020-08-07 08:30:03;0,00;FNI;0,00;Nylundsgatan 17;;;
107161;;2020-08-07 08:30:09;0,00;FNI;0,00;Nylundsgatan 11;;;
107164;;2020-08-07 08:30:14;0,00;FNI;0,00;Nylundsgatan 15;;;
107129;;2020-08-07 08:45:02;0,00;FNI;0,00;Odlargatan 3;;;
107133;;2020-08-07 08:46:53;0,00;FNI;0,00;Skånegatan 2;;;
107121;;2020-08-07 08:52:00;0,00;FNI;0,00;Spaljegatan 10;;;
107119;;2020-08-07 08:52:41;0,00;FNI;0,00;Spaljegatan 8;;;
107117;;2020-08-07 08:56:32;0,00;FNI;0,00;Spaljegatan 7;;;
107111;;2020-08-07 08:58:26;0,00;FNI;0,00;Spaljegatan 3;;;
107109;;2020-08-07 09:00:13;0,00;FNI;0,00;Spaljégatan 1;;;
153788;;2020-08-07 09:02:22;0,00;FNI;0,00;Skånegatan 10;;;
154075;;2020-08-07 09:04:39;0,00;FNI;0,00;Skånegatan 17;;;
153506;;2020-08-07 09:05:40;0,00;FNI;0,00;Skånegatan 16;;;
153474;;2020-08-07 09:07:32;0,00;FNI;0,00;Skånegatan 18;;;
153769;;2020-08-07 09:07:49;0,00;FNI;0,00;Skånegatan 23;;;
107268;;2020-08-07 09:14:26;0,00;FNI;0,00;Åsenvägen 79 A;;;
162177;;2020-08-07 09:14:27;0,00;FNI;0,00;Åsenvägen 79 B;;;
107251;;2020-08-07 09:20:42;0,00;FNI;0,00;Spettgatan 15;;;
107239;;2020-08-07 09:23:24;0,00;FNI;0,00;Spettgatan 4;;;
107257;;2020-08-07 09:23:26;0,00;FNI;0,00;Spettgatan 10;;;
107243;;2020-08-07 09:23:56;0,00;FNI;0,00;Spettgatan 7;;;
153297;;2020-08-07 09:25:40;0,00;FNI;0,00;Korpgatan 10;;;
153138;;2020-08-07 09:31:54;0,00;FNI;0,00;Korpgatan 19;;;
153257;;2020-08-07 09:31:55;0,00;FNI;0,00;Korpgatan 17;;;
153405;;2020-08-07 09:32:04;0,00;FNI;0,00;Korpgatan 22;;;
107263;;2020-08-07 09:32:15;0,00;FNI;0,00;Korpgatan 8;;;
152828;;2020-08-07 09:32:16;0,00;FNI;0,00;Spettgatan 2;;;
154395;;2020-08-07 09:32:17;0,00;FNI;0,00;Korpgatan 12;;;
153510;;2020-08-07 09:36:53;0,00;FNI;0,00;Skånegatan 22;;;
107006;;2020-08-07 10:14:37;0,00;FNI;0,00;Åsenvägen 45;;;
106880;;2020-08-07 10:14:38;0,00;FNI;0,00;Vattenledningsvägen 4;;;
106784;;2020-08-07 10:20:56;0,00;FNI;0,00;Neptunusvägen 6;;;
106803;;2020-08-07 10:22:56;0,00;FNI;0,00;Neptunusvägen 32;;;
106801;;2020-08-07 10:23:31;0,00;FNI;0,00;Neptunusvägen 30;;;
158570;;2020-08-07 10:26:00;0,00;FNI;0,00;Neptunusvägen 16;;;
141458;;2020-08-07 10:27:40;0,00;FNI;0,00;Neptunusvägen 20;;;
106797;;2020-08-07 10:27:41;0,00;FNI;0,00;Neptunusvägen 26;;;
106795;;2020-08-07 10:27:42;0,00;FNI;0,00;Neptunusvägen 24;;;
106811;;2020-08-07 10:28:09;0,00;FNI;0,00;Neptunusvägen 7;;;
106815;;2020-08-07 10:30:53;0,00;FNI;0,00;Neptunusvägen 13;;;
205837;;2020-08-07 10:35:27;0,00;FNI;0,00;Neptunusvägen 29;;;
106831;;2020-08-07 10:35:28;0,00;FNI;0,00;Neptunusvägen 31;;;
106821;;2020-08-07 10:44:42;0,00;FNI;0,00;Neptunusvägen 19;;;
102381;;2020-08-07 10:44:47;0,00;FNI;0,00;Stadsparksgatan 6;;;
107020;;2020-08-07 10:57:51;0,00;FNI;0,00;Gunhildsbergsgatan 10;;;
107022;;2020-08-07 10:57:52;0,00;FNI;0,00;Gunhildsbergsgatan 12;;;
107018;;2020-08-07 10:57:54;0,00;FNI;0,00;Gunhildsbergsgatan 8;;;
107016;;2020-08-07 10:57:55;0,00;FNI;0,00;Gunhildsbergsgatan 6;;;
107014;;2020-08-07 10:57:56;0,00;FNI;0,00;Gunhildsbergsgatan 4;;;
107012;;2020-08-07 10:57:56;0,00;FNI;0,00;Gunhildsbergsgatan 2;;;
107026;;2020-08-07 11:11:58;0,00;FNI;0,00;Birkedalsgatan 19;;;
151823;;2020-08-07 11:11:59;0,00;FNI;0,00;Birkedalsgatan 17;;;
107024;;2020-08-07 11:12:00;0,00;FNI;0,00;Birkedalsgatan 15;;;
106915;;2020-08-07 11:17:50;0,00;FNI;0,00;Poseidonvägen 13;;;
141861;;2020-08-07 11:17:51;0,00;FNI;0,00;Poseidonvägen 19;;;
106913;;2020-08-07 11:19:04;0,00;FNI;0,00;Poseidonvägen 11;;;
141863;;2020-08-07 11:19:58;0,00;FNI;0,00;Poseidonvägen 23;;;
151887;;2020-08-07 11:20:05;0,00;FNI;0,00;Poseidonvägen 25;;;
106917;;2020-08-07 11:20:06;0,00;FNI;0,00;Poseidonvägen 7;;;
151770;;2020-08-07 11:22:22;0,00;FNI;0,00;Poseidonvägen 5;;;
106889;;2020-08-07 11:25:28;0,00;FNI;0,00;Poseidonvägen 32;;;
106845;;2020-08-07 11:26:26;0,00;FNI;0,00;Björkhagavägen 3;;;
106887;;2020-08-07 11:26:32;0,00;FNI;0,00;Poseidonvägen 34;;;
106887;;2020-08-07 11:26:42;0,00;FNI;0,00;Poseidonvägen 34;;;
106903;;2020-08-07 11:32:58;0,00;FNI;0,00;Poseidonvägen 16;;;
124348;;2020-08-07 11:33:49;0,00;FNI;0,00;Poseidonvägen 24;;;
106899;;2020-08-07 11:33:50;0,00;FNI;0,00;Poseidonvägen 20;;;
106901;;2020-08-07 11:33:51;0,00;FNI;0,00;Poseidonvägen 18;;;
152685;;2020-08-07 11:45:56;0,00;FNI;0,00;Orangerivägen 1;;;
152547;;2020-08-07 11:50:57;0,00;FNI;0,00;Orangerivägen 8;;;
152543;;2020-08-07 11:50:59;0,00;FNI;0,00;Orangerivägen 7;;;
152717;;2020-08-07 11:51:04;0,00;FNI;0,00;Orangerivägen 3;;;
152715;;2020-08-07 11:51:09;0,00;FNI;0,00;Orangerivägen 5;;;
152545;;2020-08-07 11:51:10;0,00;FNI;0,00;Orangerivägen 6;;;
152782;;2020-08-07 11:57:24;0,00;FNI;0,00;Orangerivägen 16;;;
152778;;2020-08-07 11:57:57;0,00;FNI;0,00;Orangerivägen 20;;;
152803;;2020-08-07 12:00:00;0,00;FNI;0,00;Orangerivägen 17;;;
152907;;2020-08-07 12:00:10;0,00;FNI;0,00;Orangerivägen 24;;;
152939;;2020-08-07 12:05:14;0,00;FNI;0,00;Orangerivägen 32;;;
152945;;2020-08-07 12:05:36;0,00;FNI;0,00;Orangerivägen 34;;;
152539;;2020-08-07 12:07:12;0,00;FNI;0,00;Orangerivägen 40;;;
169573;;2020-08-07 12:07:17;0,00;FNI;0,00;Orangerivägen 38;;;
165332;;2020-08-07 12:11:38;0,00;FNI;0,00;Björkhagavägen 8;;;
106858;;2020-08-07 12:15:08;0,00;FNI;0,00;Björkhagavägen 17;;;
106852;;2020-08-07 12:15:13;0,00;FNI;0,00;Björkhagavägen 11;;;
106856;;2020-08-07 12:15:14;0,00;FNI;0,00;Björkhagavägen 15;;;
106860;;2020-08-07 12:18:11;0,00;FNI;0,00;Björkhagavägen 19;;;
106862;;2020-08-07 12:18:13;0,00;FNI;0,00;Björkhagavägen 21;;;
106868;;2020-08-07 12:21:35;0,00;FNI;0,00;Undinvägen 8;;;
106870;;2020-08-07 12:21:55;0,00;FNI;0,00;Undinvägen 6;;;
106874;;2020-08-07 12:22:31;0,00;FNI;0,00;Undinvägen 2;;;
106864;;2020-08-07 12:22:44;0,00;FNI;0,00;Undinvägen 1;;;
151728;;2020-08-07 12:27:16;0,00;FNI;0,00;Björkhagavägen 34;;;
106878;;2020-08-07 12:28:41;0,00;FNI;0,00;Björkhagavägen 38;;;
151850;;2020-08-07 12:31:25;0,00;FNI;0,00;Björkhagavägen 35;;;
151738;;2020-08-07 12:32:11;0,00;FNI;0,00;Björkhagavägen 42;;;
151912;;2020-08-07 12:33:29;0,00;FNI;0,00;Björkhagavägen 48;;;
106795;;2020-08-07 12:34:20;0,00;FNI;0,00;Neptunusvägen 24;;;
102389;;2020-08-07 12:39:25;0,00;FNI;0,00;Stadsparksgatan 10 B;;;
102387;;2020-08-07 12:43:19;0,00;FNI;0,00;Stadsparksgatan 10 A;;;
102383;;2020-08-07 12:43:23;0,00;FNI;0,00;Stadsparksgatan 5;;;
102375;;2020-08-07 12:45:16;0,00;FNI;0,00;Stadsparksgatan 1;;;
102373;;2020-08-07 12:45:19;0,00;FNI;0,00;Stadsparksgatan 4;;;
102377;;2020-08-07 12:45:24;0,00;FNI;0,00;Stadsparksgatan 3 B;;;
106823;;2020-08-07 12:45:48;0,00;FNI;0,00;Neptunusvägen 21;;;
;;;;;;;;∑ Mängd: ;0,00
;;;;;;;;∑ Antal:;145
Gruppering sker på fordon:;532; och avvikelsetyp:;Tagg ej läst;;;;;;
Tjänstnr;Anmärkning;Datum Tid;Mängd;Förare;Mängd;Adress;;;
111334;;2020-08-03 06:43:39;0,00;FNI;0,00;Smedstorpsgatan 19;;;
111374;;2020-08-03 07:42:47;0,00;FNI;0,00;Smedstorpsgatan 34 A;;;
111374;;2020-08-03 07:42:52;0,00;FNI;0,00;Smedstorpsgatan 34 A;;;
111471;;2020-08-03 08:15:58;0,00;FNI;0,00;Aniaravägen 5;;;
111517;;2020-08-03 10:02:37;0,00;FNI;0,00;Hägnevägen 24;;;
111662;;2020-08-03 10:27:45;0,00;FNI;0,00;Skolgatan 23 B;;;
111768;;2020-08-03 10:42:08;0,00;FNI;0,00;Blomgatan 3 A;;;
111678;;2020-08-03 11:09:07;0,00;FNI;0,00;Skolgatan 13;;;
111885;;2020-08-03 11:45:03;0,00;FNI;0,00;Fagerslättsvägen 16;;;
174217;;2020-08-04 09:03:00;0,00;FNI;0,00;Drivhusvägen 61;;;
168576;;2020-08-04 09:04:09;0,00;FNI;0,00;Drivhusvägen 34;;;
168223;;2020-08-04 09:06:10;0,00;FNI;0,00;Drivhusvägen 40;;;
112142;;2020-08-04 09:20:37;0,00;FNI;0,00;Hakarpsvägen 112;;;
156335;;2020-08-04 11:09:28;0,00;FNI;0,00;Kyrkvärdsringen 6;;;
204854;;2020-08-04 11:36:06;0,00;FNI;0,00;Fagerslätts Gård 1;;;
207319;;2020-08-04 12:04:26;0,00;FNI;0,00;Sotåsgatan 16;;;
206926;;2020-08-04 12:05:22;0,00;FNI;0,00;Sotåsgatan 18;;;
112206;;2020-08-05 07:23:15;0,00;FNI;0,00;Vipevägen 32;;;
112297;;2020-08-05 08:06:20;0,00;FNI;0,00;Lindarevägen 7 A;;;
112334;;2020-08-05 08:19:34;0,00;FNI;0,00;Holländaregatan 17;;;
155132;;2020-08-05 09:30:57;0,00;FNI;0,00;Jöransberg Sörskogen 5;;;
138081;;2020-08-05 09:34:09;0,00;FNI;0,00;Carlfors 205;;;
138101;;2020-08-05 09:48:23;0,00;FNI;0,00;Carlfors 231;;;
138101;;2020-08-05 09:48:27;0,00;FNI;0,00;Carlfors 231;;;
158942;;2020-08-05 10:39:38;0,00;FNI;0,00;Brakvedsvägen 26;;;
112457;;2020-08-05 11:12:20;0,00;FNI;0,00;Lönnvägen 12 A;;;
208367;;2020-08-05 11:32:48;0,00;FNI;0,00;Carlforsvägen 2;;;
113175;;2020-08-06 08:29:39;0,00;FNI;0,00;Ebbesvägen 22;;;
113209;;2020-08-06 09:15:27;0,00;FNI;0,00;Ebbesvägen 5 B;;;
138691;;2020-08-06 12:25:07;0,00;FNI;0,00;Näckrosstigen 12;;;
131300;;2020-08-07 07:18:34;0,00;FNI;0,00;Västergårdsvägen 8;;;
131288;;2020-08-07 07:27:32;0,00;FNI;0,00;Västergårdsvägen 25;;;
131253;;2020-08-07 07:48:33;0,00;FNI;0,00;Skogsvägen 9;;;
131030;;2020-08-07 10:20:55;0,00;FNI;0,00;Biodlarvägen 18;;;
131314;;2020-08-07 10:51:39;0,00;FNI;0,00;Kyrkvägen 33;;;
150544;;2020-08-07 11:33:57;0,00;FNI;0,00;Stensjövägen 49;;;
150540;;2020-08-07 11:34:00;0,00;FNI;0,00;Stensjövägen 40;;;
150552;;2020-08-07 11:38:43;0,00;FNI;0,00;Stensjövägen 8;;;
208416;;2020-08-07 12:39:09;0,00;FNI;0,00;Stensjövägen 12;;;
159629;;2020-08-07 12:39:31;0,00;FNI;0,00;Stensjövägen 47;;;
208193;;2020-08-07 12:39:34;0,00;FNI;0,00;Stensjövägen 42;;;
150797;;2020-08-07 12:40:20;0,00;FNI;0,00;Stensjövägen 2;;;
130941;;2020-08-07 12:40:47;0,00;FNI;0,00;Revirvägen 13;;;
;;;;;;;;∑ Mängd: ;0,00
;;;;;;;;∑ Antal:;43
Gruppering sker på fordon:;533; och avvikelsetyp:;Tagg ej läst;;;;;;
Tjänstnr;Anmärkning;Datum Tid;Mängd;Förare;Mängd;Adress;;;
129418;;2020-08-03 07:15:21;0,00;FNI;0,00;Enebärsvägen 10;;;
180507;;2020-08-03 07:16:21;0,00;FNI;0,00;Enebärsvägen 7;;;
129431;;2020-08-03 07:27:31;0,00;FNI;0,00;Stickelbärsvägen 6;;;
129439;;2020-08-03 07:27:37;0,00;FNI;0,00;Stickelbärsvägen 7;;;
180930;;2020-08-03 07:42:22;0,00;FNI;0,00;Oxelbärsvägen 4;;;
129451;;2020-08-03 07:44:24;0,00;FNI;0,00;Oxelbärsvägen 1;;;
129232;;2020-08-03 08:03:36;0,00;FNI;0,00;Kyrkvägen 20;;;
129335;;2020-08-03 09:08:12;0,00;FNI;0,00;Klockarevägen 22;;;
129359;;2020-08-03 09:08:28;0,00;FNI;0,00;Ängsstigen 8;;;
129377;;2020-08-03 09:08:40;0,00;FNI;0,00;Nygatan 28;;;
129267;;2020-08-03 09:08:44;0,00;FNI;0,00;Nygatan 15;;;
135709;;2020-08-03 09:08:50;0,00;FNI;0,00;Nygatan 16;;;
129263;;2020-08-03 09:08:54;0,00;FNI;0,00;Mostigen 4;;;
135719;;2020-08-03 09:18:56;0,00;FNI;0,00;Stationsvägen 11;;;
129159;;2020-08-03 09:43:23;0,00;FNI;0,00;Johan Printz Väg 13;;;
129124;;2020-08-03 09:47:40;0,00;FNI;0,00;Pellarpsvägen 17;;;
129122;;2020-08-03 09:48:27;0,00;FNI;0,00;Pellarpsvägen 12;;;
129114;;2020-08-03 09:51:23;0,00;FNI;0,00;Pellarpsvägen 9;;;
172620;;2020-08-03 09:56:42;0,00;FNI;0,00;Johan Printz Väg 5;;;
129147;;2020-08-03 10:03:00;0,00;FNI;0,00;Johan Printz Väg 14;;;
129174;;2020-08-03 10:24:35;0,00;FNI;0,00;Vävarevägen 1;;;
108447;;2020-08-03 12:13:38;0,00;FNI;0,00;Skogshemsgatan 10 C;;;
108419;;2020-08-03 12:13:40;0,00;FNI;0,00;Skogshemsgatan 1 B;;;
108505;;2020-08-03 12:13:40;0,00;FNI;0,00;Hagagatan 1;;;
108509;;2020-08-03 12:13:41;0,00;FNI;0,00;Hagagatan 5;;;
108499;;2020-08-03 12:13:52;0,00;FNI;0,00;Hagagatan 2 B;;;
108316;;2020-08-03 12:14:20;0,00;FNI;0,00;Lotsgatan 7;;;
108314;;2020-08-03 12:14:25;0,00;FNI;0,00;Lotsgatan 5;;;
108310;;2020-08-03 12:14:33;0,00;FNI;0,00;Lotsgatan 1;;;
141594;;2020-08-03 12:14:37;0,00;FNI;0,00;Norrahammarsvägen 6;;;
108391;;2020-08-03 12:14:41;0,00;FNI;0,00;Lyckogatan 4;;;
108370;;2020-08-03 12:17:38;0,00;FNI;0,00;Strömsholmsgatan 13;;;
108385;;2020-08-03 12:19:46;0,00;FNI;0,00;Larmgatan 4;;;
108376;;2020-08-03 12:19:50;0,00;FNI;0,00;Larmgatan 3;;;
108378;;2020-08-03 12:22:08;0,00;FNI;0,00;Larmgatan 5;;;
108358;;2020-08-03 12:25:07;0,00;FNI;0,00;Strömsholmsgatan 1;;;
141599;;2020-08-03 12:31:55;0,00;FNI;0,00;Norrahammarsvägen 19;;;
141598;;2020-08-03 12:31:58;0,00;FNI;0,00;Norrahammarsvägen 19;;;
108374;;2020-08-03 12:32:27;0,00;FNI;0,00;Norrahammarsvägen 14;;;
108349;;2020-08-03 12:32:33;0,00;FNI;0,00;Norrahammarsvägen 17;;;
108389;;2020-08-03 12:35:22;0,00;FNI;0,00;Norrahammarsvägen 10;;;
141355;;2020-08-03 12:40:52;0,00;FNI;0,00;Roliasgatan 2;;;
205896;;2020-08-03 12:43:15;0,00;FNI;0,00;Roliasgatan 7;;;
108322;;2020-08-03 12:46:03;0,00;FNI;0,00;Norrahammarsvägen 7;;;
101408;;2020-08-04 06:39:55;0,00;FNI;0,00;Kastanjevägen 3 B;;;
101484;;2020-08-04 06:53:02;0,00;FNI;0,00;Citadellvägen 4;;;
101521;;2020-08-04 07:21:05;0,00;FNI;0,00;Arlavägen 12;;;
101434;;2020-08-04 07:36:45;0,00;FNI;0,00;Daggstigen 9;;;
101582;;2020-08-04 08:01:23;0,00;FNI;0,00;Advokatgatan 4 A;;;
101586;;2020-08-04 08:01:27;0,00;FNI;0,00;Advokatgatan 2 A;;;
101611;;2020-08-04 08:12:46;0,00;FNI;0,00;Ansgariigatan 1 A;;;
101609;;2020-08-04 08:13:05;0,00;FNI;0,00;Ansgariigatan 2;;;
101615;;2020-08-04 08:13:47;0,00;FNI;0,00;Ansgariigatan 1 C;;;
101603;;2020-08-04 08:14:02;0,00;FNI;0,00;Ansgariigatan 6 A;;;
101625;;2020-08-04 08:17:52;0,00;FNI;0,00;Ansgariigatan 10;;;
101623;;2020-08-04 08:19:18;0,00;FNI;0,00;Ansgariigatan 8 B;;;
101636;;2020-08-04 08:25:18;0,00;FNI;0,00;Norra Apollovägen 4;;;
101652;;2020-08-04 08:30:37;0,00;FNI;0,00;Holmstrandsgatan 8;;;
101654;;2020-08-04 08:34:05;0,00;FNI;0,00;Holmstrandsgatan 6;;;
158802;;2020-08-04 08:34:13;0,00;FNI;0,00;Holmstrandsgatan 4;;;
179754;;2020-08-04 08:37:55;0,00;FNI;0,00;Solvägen 13;;;
101686;;2020-08-04 08:39:55;0,00;FNI;0,00;Andreevägen 4;;;
101692;;2020-08-04 08:42:13;0,00;FNI;0,00;Andreevägen 10;;;
124848;;2020-08-04 08:45:01;0,00;FNI;0,00;Huskvarnavägen 85;;;
207257;;2020-08-04 09:51:21;0,00;FNI;0,00;Linnégatan 13;;;
100213;;2020-08-04 11:15:15;0,00;FNI;0,00;Gotlandsgatan 12;;;
100203;;2020-08-04 11:15:16;0,00;FNI;0,00;Eksjögatan 27;;;
100322;;2020-08-04 11:15:27;0,00;FNI;0,00;Linnegatan 10;;;
100320;;2020-08-04 11:15:27;0,00;FNI;0,00;Linnegatan 15;;;
100259;;2020-08-04 11:15:28;0,00;FNI;0,00;Linnegatan 26;;;
100314;;2020-08-04 11:15:35;0,00;FNI;0,00;Folkungavägen 44/Linnegatan;;;
100298;;2020-08-04 11:15:41;0,00;FNI;0,00;Folkungavägen 37/Eksjögatan;;;
100168;;2020-08-04 11:22:05;0,00;FNI;0,00;Frimurargatan 3;;;
100118;;2020-08-04 11:40:09;0,00;FNI;0,00;Ringvägen 11;;;
141346;;2020-08-04 11:46:08;0,00;FNI;0,00;Ringvägen 16;;;
100090;;2020-08-04 11:59:42;0,00;FNI;0,00;Lindallevägen 10;;;
208308;;2020-08-04 12:03:24;0,00;FNI;0,00;Flädergatan 4;;;
165165;;2020-08-04 12:04:06;0,00;FNI;0,00;Flädergatan 4;;;
208309;;2020-08-04 12:06:34;0,00;FNI;0,00;Flädergatan 6;;;
101503;;2020-08-05 06:19:51;0,00;FNI;0,00;Huskvarnavägen 108;;;
101900;;2020-08-05 06:28:20;0,00;FNI;0,00;Ansgariigatan 11;;;
109952;;2020-08-05 06:47:53;0,00;FNI;0,00;Kavlabrovägen 14;;;
109940;;2020-08-05 06:52:18;0,00;FNI;0,00;Azurvägen 18;;;
109934;;2020-08-05 06:56:04;0,00;FNI;0,00;Azurvägen 12;;;
109922;;2020-08-05 06:58:53;0,00;FNI;0,00;Azurvägen 5;;;
101698;;2020-08-05 07:06:15;0,00;FNI;0,00;Andreevägen 16;;;
101702;;2020-08-05 07:07:55;0,00;FNI;0,00;Andreevägen 20;;;
101712;;2020-08-05 07:12:53;0,00;FNI;0,00;Andreevägen 30;;;
101720;;2020-08-05 07:15:08;0,00;FNI;0,00;Andreevägen 38;;;
102027;;2020-08-05 08:23:09;0,00;FNI;0,00;Boregatan 1;;;
101991;;2020-08-05 08:23:17;0,00;FNI;0,00;Bivägen 12;;;
140155;;2020-08-05 08:23:17;0,00;FNI;0,00;Bivägen 10;;;
101977;;2020-08-05 08:23:18;0,00;FNI;0,00;Bivägen 6 B;;;
101824;;2020-08-05 08:23:53;0,00;FNI;0,00;Andreevägen 46 A;;;
101826;;2020-08-05 08:23:58;0,00;FNI;0,00;Andreevägen 44;;;
101830;;2020-08-05 08:24:23;0,00;FNI;0,00;Andreevägen 11;;;
101834;;2020-08-05 08:24:25;0,00;FNI;0,00;Andreevägen 15;;;
101860;;2020-08-05 08:34:57;0,00;FNI;0,00;Andreevägen 52;;;
101893;;2020-08-05 08:49:42;0,00;FNI;0,00;Norra Apollovägen 10;;;
101891;;2020-08-05 08:50:32;0,00;FNI;0,00;Norra Apollovägen 12;;;
101768;;2020-08-05 08:55:11;0,00;FNI;0,00;Alströmervägen 18;;;
101766;;2020-08-05 08:55:17;0,00;FNI;0,00;Alströmervägen 20;;;
101883;;2020-08-05 08:58:49;0,00;FNI;0,00;Norra Apollovägen 18 B;;;
101801;;2020-08-05 08:58:53;0,00;FNI;0,00;Asavägen 6 B;;;
101805;;2020-08-05 09:01:42;0,00;FNI;0,00;Norra Apollovägen 20 B;;;
124846;;2020-08-05 09:09:14;0,00;FNI;0,00;Norra Apollovägen 23;;;
101742;;2020-08-05 09:12:39;0,00;FNI;0,00;Alströmervägen 28;;;
101738;;2020-08-05 09:16:40;0,00;FNI;0,00;Alströmervägen 29;;;
101734;;2020-08-05 09:16:46;0,00;FNI;0,00;Alströmervägen 32;;;
101740;;2020-08-05 09:19:25;0,00;FNI;0,00;Alströmervägen 27;;;
101754;;2020-08-05 09:19:31;0,00;FNI;0,00;Alströmervägen 25;;;
101774;;2020-08-05 09:25:28;0,00;FNI;0,00;Alströmervägen 16;;;
101782;;2020-08-05 09:25:29;0,00;FNI;0,00;Alströmervägen 12;;;
101776;;2020-08-05 09:25:33;0,00;FNI;0,00;Alströmervägen 14;;;
115346;;2020-08-05 11:13:42;0,00;FNI;0,00;Gubbhagsgatan 55;;;
115330;;2020-08-05 11:13:43;0,00;FNI;0,00;Gubbhagsgatan 37;;;
115318;;2020-08-05 11:13:44;0,00;FNI;0,00;Gubbhagsgatan 25;;;
115302;;2020-08-05 11:13:44;0,00;FNI;0,00;Gubbhagsgatan 9;;;
115421;;2020-08-05 11:13:45;0,00;FNI;0,00;Gubbhagsgatan 36;;;
115350;;2020-08-05 11:13:53;0,00;FNI;0,00;Gubbhagsgatan 59;;;
115326;;2020-08-05 11:13:53;0,00;FNI;0,00;Gubbhagsgatan 33;;;
115445;;2020-08-05 11:14:00;0,00;FNI;0,00;Gubbhagsgatan 10;;;
115286;;2020-08-05 11:26:00;0,00;FNI;0,00;Rödklövervägen 8;;;
115268;;2020-08-05 11:30:30;0,00;FNI;0,00;Rödklövervägen 3;;;
115256;;2020-08-05 11:32:45;0,00;FNI;0,00;Vitklövervägen 10;;;
115252;;2020-08-05 11:32:46;0,00;FNI;0,00;Vitklövervägen 13;;;
115260;;2020-08-05 11:36:26;0,00;FNI;0,00;Vitklövervägen 6;;;
115240;;2020-08-05 11:44:32;0,00;FNI;0,00;Vitklövervägen 1;;;
115204;;2020-08-05 11:53:07;0,00;FNI;0,00;Kittendorffs Gata 20;;;
115230;;2020-08-05 11:57:20;0,00;FNI;0,00;Kittendorffs Gata 7;;;
115224;;2020-08-05 12:02:41;0,00;FNI;0,00;Kittendorffs Gata 10;;;
115216;;2020-08-05 12:05:23;0,00;FNI;0,00;Kittendorffs Gata 11;;;
115220;;2020-08-05 12:05:26;0,00;FNI;0,00;Kittendorffs Gata 12;;;
115218;;2020-08-05 12:05:31;0,00;FNI;0,00;Kittendorffs Gata 13;;;
180662;;2020-08-05 12:11:17;0,00;FNI;0,00;Castorgatan 3;;;
154041;;2020-08-06 06:27:48;0,00;FNI;0,00;Kidrons Parkstig 1;;;
110554;;2020-08-06 06:36:24;0,00;FNI;0,00;Mellangatan 1;;;
110511;;2020-08-06 06:54:05;0,00;FNI;0,00;Långgatan 28;;;
110867;;2020-08-06 07:20:10;0,00;FNI;0,00;Grännavägen 52;;;
110811;;2020-08-06 07:35:47;0,00;FNI;0,00;Bermansgatan 3;;;
110699;;2020-08-06 08:44:35;0,00;FNI;0,00;Lundenvägen 13;;;
110826;;2020-08-06 08:48:25;0,00;FNI;0,00;Fogdegatan 15;;;
207036;;2020-08-06 08:48:44;0,00;FNI;0,00;Grännavägen 34;;;
110836;;2020-08-06 08:48:53;0,00;FNI;0,00;Fogdegatan 12;;;
110834;;2020-08-06 08:49:02;0,00;FNI;0,00;Fogdegatan 10;;;
110706;;2020-08-06 08:49:38;0,00;FNI;0,00;Lundenvägen 7;;;
110548;;2020-08-06 09:06:32;0,00;FNI;0,00;Norra Parkgatan 9;;;
110642;;2020-08-06 09:07:38;0,00;FNI;0,00;Bondegatan 6;;;
207601;;2020-08-06 09:49:54;0,00;FNI;0,00;Norra Parkgatan 31;;;
110585;;2020-08-06 10:01:06;0,00;FNI;0,00;Norra Parkgatan 43 B;;;
110589;;2020-08-06 10:01:11;0,00;FNI;0,00;Norra Parkgatan 45;;;
110626;;2020-08-06 10:01:12;0,00;FNI;0,00;Norra Parkgatan 50;;;
205526;;2020-08-06 10:07:31;0,00;FNI;0,00;Norra Parkgatan 58;;;
110618;;2020-08-06 10:07:37;0,00;FNI;0,00;Norra Parkgatan 58;;;
110606;;2020-08-06 10:12:46;0,00;FNI;0,00;Norra Parkgatan 61;;;
111039;;2020-08-06 11:20:41;0,00;FNI;0,00;Gripenbergsgatan 78;;;
111033;;2020-08-06 11:20:45;0,00;FNI;0,00;Gripenbergsgatan 70;;;
111027;;2020-08-06 11:20:51;0,00;FNI;0,00;Gripenbergsgatan 75;;;
111025;;2020-08-06 11:20:58;0,00;FNI;0,00;Gripenbergsgatan 73;;;
111049;;2020-08-06 11:21:07;0,00;FNI;0,00;Gripenbergsgatan 88;;;
111023;;2020-08-06 11:21:08;0,00;FNI;0,00;Gripenbergsgatan 71;;;
111001;;2020-08-06 11:21:13;0,00;FNI;0,00;Gripenbergsgatan 60;;;
110931;;2020-08-06 11:21:29;0,00;FNI;0,00;Gripenbergsgatan 20;;;
110933;;2020-08-06 11:21:36;0,00;FNI;0,00;Gripenbergsgatan 22;;;
110919;;2020-08-06 11:21:53;0,00;FNI;0,00;Gripenbergsgatan 4;;;
158223;;2020-08-06 11:35:17;0,00;FNI;0,00;Hagstensgatan 46;;;
111132;;2020-08-06 12:13:13;0,00;FNI;0,00;Norrängsgatan 3;;;
111164;;2020-08-06 12:25:59;0,00;FNI;0,00;Norrängsgatan 23;;;
173703;;2020-08-07 06:30:32;0,00;FNI;0,00;Varpastigen 1 B;;;
111234;;2020-08-07 06:37:48;0,00;FNI;0,00;Brunstorpsvägen 3;;;
179863;;2020-08-07 06:54:00;0,00;FNI;0,00;Brunstorpsvägen 18 B;;;
111190;;2020-08-07 07:01:33;0,00;FNI;0,00;Brunstorpsvägen 32;;;
115883;;2020-08-07 08:46:30;0,00;FNI;0,00;Dagsländevägen 1;;;
115849;;2020-08-07 08:46:30;0,00;FNI;0,00;Nyckelpigevägen 5;;;
115925;;2020-08-07 08:46:31;0,00;FNI;0,00;Getingvägen 13;;;
138611;;2020-08-07 08:46:33;0,00;FNI;0,00;Myggvägen 3;;;
115801;;2020-08-07 08:46:35;0,00;FNI;0,00;Spindelvägen 7;;;
115769;;2020-08-07 09:27:52;0,00;FNI;0,00;Lövhagsgatan 11;;;
115743;;2020-08-07 09:39:12;0,00;FNI;0,00;Snabbvingevägen 11;;;
115735;;2020-08-07 09:45:38;0,00;FNI;0,00;Snabbvingevägen 3;;;
115731;;2020-08-07 10:03:19;0,00;FNI;0,00;Glasvingevägen 2;;;
115675;;2020-08-07 10:10:23;0,00;FNI;0,00;Blåvingevägen 13;;;
164743;;2020-08-07 12:04:22;0,00;FNI;0,00;Lucerngatan 5;;;
124569;;2020-08-07 12:04:27;0,00;FNI;0,00;Hästhagsgatan 105;;;
115457;;2020-08-07 12:04:30;0,00;FNI;0,00;Hästhagsgatan 108;;;
115599;;2020-08-07 12:04:32;0,00;FNI;0,00;Hästhagsgatan 111;;;
;;;;;;;;∑ Mängd: ;0,00
;;;;;;;;∑ Antal:;186
Gruppering sker på fordon:;534; och avvikelsetyp:;Tagg ej läst;;;;;;
Tjänstnr;Anmärkning;Datum Tid;Mängd;Förare;Mängd;Adress;;;
159651;;2020-08-03 06:54:04;0,00;FNI;0,00;Ametistgatan 4;;;
159540;;2020-08-03 07:00:33;0,00;FNI;0,00;Hisingstorps Gård, Står På Ametistgatan;;;
157595;;2020-08-03 07:04:17;0,00;FNI;0,00;Ametistgatan 10;;;
156786;;2020-08-03 07:05:39;0,00;FNI;0,00;Rosenkvartsgatan 4;;;
156428;;2020-08-03 07:15:00;0,00;FNI;0,00;Rosenkvartsgatan 15;;;
156549;;2020-08-03 07:15:01;0,00;FNI;0,00;Rosenkvartsgatan 22;;;
156754;;2020-08-03 07:17:34;0,00;FNI;0,00;Rosenkvartsgatan 40;;;
156939;;2020-08-03 07:26:54;0,00;FNI;0,00;Rosenkvartsgatan 54;;;
158742;;2020-08-03 07:27:04;0,00;FNI;0,00;Rosenkvartsgatan 8;;;
156966;;2020-08-03 07:30:23;0,00;FNI;0,00;Smaragdgatan 2;;;
154832;;2020-08-03 07:33:33;0,00;FNI;0,00;Rubingatan 3;;;
154859;;2020-08-03 07:38:33;0,00;FNI;0,00;Rubingatan 12;;;
156301;;2020-08-03 07:38:40;0,00;FNI;0,00;Rubingatan 8;;;
155644;;2020-08-03 07:38:49;0,00;FNI;0,00;Rubingatan 6;;;
155558;;2020-08-03 07:43:20;0,00;FNI;0,00;Rubingatan 23;;;
154800;;2020-08-03 07:49:39;0,00;FNI;0,00;Rubingatan 15;;;
155029;;2020-08-03 07:53:49;0,00;FNI;0,00;Diamantgatan 21;;;
154533;;2020-08-03 07:58:57;0,00;FNI;0,00;Diamantgatan 11;;;
155042;;2020-08-03 07:58:58;0,00;FNI;0,00;Diamantgatan 9;;;
154682;;2020-08-03 08:01:59;0,00;FNI;0,00;Diamantgatan 2;;;
155653;;2020-08-03 08:12:22;0,00;FNI;0,00;Opalgatan 18;;;
155453;;2020-08-03 08:12:25;0,00;FNI;0,00;Opalgatan 14;;;
155501;;2020-08-03 08:20:58;0,00;FNI;0,00;Opalgatan 41;;;
155584;;2020-08-03 08:20:59;0,00;FNI;0,00;Opalgatan 39;;;
154222;;2020-08-03 08:36:16;0,00;FNI;0,00;Safirgatan 12;;;
153716;;2020-08-03 08:36:23;0,00;FNI;0,00;Safirgatan 14;;;
154825;;2020-08-03 08:54:51;0,00;FNI;0,00;Topasgatan 10;;;
154834;;2020-08-03 09:00:42;0,00;FNI;0,00;Topasgatan 14;;;
154802;;2020-08-03 09:00:47;0,00;FNI;0,00;Topasgatan 8;;;
154838;;2020-08-03 09:01:12;0,00;FNI;0,00;Topasgatan 2;;;
103187;;2020-08-03 09:13:12;0,00;FNI;0,00;Runnavägen 50;;;
103175;;2020-08-03 09:17:38;0,00;FNI;0,00;Runnavägen 44;;;
155536;;2020-08-03 09:58:31;0,00;FNI;0,00;Villekullagatan 6;;;
155540;;2020-08-03 10:00:46;0,00;FNI;0,00;Villekullagatan 10;;;
155614;;2020-08-03 10:12:28;0,00;FNI;0,00;Villekullagatan 23;;;
156103;;2020-08-03 10:19:37;0,00;FNI;0,00;Villekullagatan 51;;;
157479;;2020-08-03 10:28:26;0,00;FNI;0,00;Saltkråkegatan 5;;;
156609;;2020-08-03 10:31:01;0,00;FNI;0,00;Saltkråkegatan 8;;;
156666;;2020-08-03 10:33:24;0,00;FNI;0,00;Saltkråkegatan 27;;;
156719;;2020-08-03 10:36:48;0,00;FNI;0,00;Saltkråkegatan 33;;;
156660;;2020-08-03 10:38:47;0,00;FNI;0,00;Saltkråkegatan 35;;;
157324;;2020-08-03 10:45:56;0,00;FNI;0,00;Saltkråkegatan 55;;;
204702;;2020-08-03 11:01:45;0,00;FNI;0,00;Katthultsgatan 15;;;
200786;;2020-08-03 11:12:57;0,00;FNI;0,00;Linas gata 15;;;
204734;;2020-08-03 11:14:53;0,00;FNI;0,00;Emils gata 15;;;
204596;;2020-08-03 11:29:49;0,00;FNI;0,00;Alfreds Gata 7;;;
204088;;2020-08-03 11:31:56;0,00;FNI;0,00;Alfreds gata 3;;;
204785;;2020-08-03 11:33:03;0,00;FNI;0,00;Emils gata 13;;;
204332;;2020-08-03 11:37:04;0,00;FNI;0,00;Katthultsgata 121;;;
204699;;2020-08-03 11:55:54;0,00;FNI;0,00;Linas gata 10;;;
204818;;2020-08-03 11:59:00;0,00;FNI;0,00;Emils Gata 11;;;
180398;;2020-08-03 12:01:08;0,00;FNI;0,00;Sagogatan 21;;;
102973;;2020-08-03 12:19:26;0,00;FNI;0,00;Övratorpsvägen 17;;;
102955;;2020-08-03 12:19:48;0,00;FNI;0,00;Övratorpsvägen 9;;;
102953;;2020-08-03 12:19:50;0,00;FNI;0,00;Övratorpsvägen 10;;;
102957;;2020-08-03 12:19:51;0,00;FNI;0,00;Övratorpsvägen 13;;;
102963;;2020-08-03 12:19:54;0,00;FNI;0,00;Övratorpsvägen 16;;;
102965;;2020-08-03 12:19:56;0,00;FNI;0,00;Övratorpsvägen 18;;;
102971;;2020-08-03 12:21:37;0,00;FNI;0,00;Övratorpsvägen 19;;;
102967;;2020-08-03 12:21:39;0,00;FNI;0,00;Övratorpsvägen 20;;;
141086;;2020-08-03 12:41:58;0,00;FNI;0,00;Klockarpsvägen 15;;;
103111;;2020-08-04 06:47:23;0,00;FNI;0,00;Dunkehallavägen 31/Högabergsgatan;;;
103105;;2020-08-04 06:53:21;0,00;FNI;0,00;Högabergsgatan 14 D;;;
103079;;2020-08-04 06:53:24;0,00;FNI;0,00;Nedre Kvarngatan 12;;;
103081;;2020-08-04 06:53:52;0,00;FNI;0,00;Nedre Kvarngatan 10;;;
103051;;2020-08-04 06:58:49;0,00;FNI;0,00;Prostkvarnsgatan 6;;;
103057;;2020-08-04 07:00:06;0,00;FNI;0,00;Prostkvarnsgatan 7;;;
102991;;2020-08-04 07:12:38;0,00;FNI;0,00;Vaddgatan 17;;;
102989;;2020-08-04 07:14:04;0,00;FNI;0,00;Vaddgatan 18;;;
103005;;2020-08-04 07:14:44;0,00;FNI;0,00;Vaddgatan 3;;;
103007;;2020-08-04 07:14:48;0,00;FNI;0,00;Vaddgatan 1;;;
102793;;2020-08-04 07:41:58;0,00;FNI;0,00;Trökhagen 20;;;
102739;;2020-08-04 07:42:05;0,00;FNI;0,00;Bosshagsgatan 65;;;
102739;;2020-08-04 07:42:11;0,00;FNI;0,00;Bosshagsgatan 65;;;
102723;;2020-08-04 07:42:18;0,00;FNI;0,00;Bosshagsgatan 49;;;
102777;;2020-08-04 07:45:19;0,00;FNI;0,00;Trökhagen 4;;;
102787;;2020-08-04 07:55:35;0,00;FNI;0,00;Trökhagen 14;;;
102811;;2020-08-04 08:01:51;0,00;FNI;0,00;Soops Väg 5;;;
102915;;2020-08-04 08:03:51;0,00;FNI;0,00;Sveningshagen 2;;;
102923;;2020-08-04 08:07:40;0,00;FNI;0,00;Sveningshagen 10;;;
102933;;2020-08-04 08:08:12;0,00;FNI;0,00;Sveningshagen 20;;;
102935;;2020-08-04 08:08:14;0,00;FNI;0,00;Sveningshagen 22;;;
102883;;2020-08-04 08:25:39;0,00;FNI;0,00;Rödingshagen 1;;;
102903;;2020-08-04 08:25:46;0,00;FNI;0,00;Rödingshagen 14;;;
102897;;2020-08-04 08:26:28;0,00;FNI;0,00;Rödingshagen 15;;;
102895;;2020-08-04 08:26:29;0,00;FNI;0,00;Rödingshagen 13;;;
124176;;2020-08-04 08:26:30;0,00;FNI;0,00;Rödingshagen 8;;;
102889;;2020-08-04 08:26:31;0,00;FNI;0,00;Rödingshagen 7;;;
102833;;2020-08-04 08:35:42;0,00;FNI;0,00;Lönejorden 8;;;
102693;;2020-08-04 08:49:08;0,00;FNI;0,00;Blåbärsvägen 12 B;;;
102669;;2020-08-04 08:52:58;0,00;FNI;0,00;Blåbärsvägen 3;;;
102671;;2020-08-04 08:53:13;0,00;FNI;0,00;Blåbärsvägen 6;;;
102633;;2020-08-04 08:59:01;0,00;FNI;0,00;Källarpsgatan 18;;;
102685;;2020-08-04 09:08:12;0,00;FNI;0,00;Blåbärsvägen 9;;;
102679;;2020-08-04 09:10:54;0,00;FNI;0,00;Törnehagsgatan 3;;;
102641;;2020-08-04 09:12:00;0,00;FNI;0,00;Klintvägen 10;;;
102649;;2020-08-04 09:13:42;0,00;FNI;0,00;Klintvägen 11;;;
102647;;2020-08-04 09:15:07;0,00;FNI;0,00;Klintvägen 13;;;
102841;;2020-08-04 09:16:24;0,00;FNI;0,00;Högabergsgatan 58;;;
102707;;2020-08-04 09:18:11;0,00;FNI;0,00;Högabergsgatan 51;;;
102977;;2020-08-04 09:24:12;0,00;FNI;0,00;Vaddgatan 4;;;
102593;;2020-08-04 09:31:36;0,00;FNI;0,00;Högabergsgatan 35;;;
102627;;2020-08-04 09:40:54;0,00;FNI;0,00;Platåvägen 1;;;
102707;;2020-08-04 09:44:41;0,00;FNI;0,00;Högabergsgatan 51;;;
102849;;2020-08-04 09:53:07;0,00;FNI;0,00;Högabergsgatan 52;;;
103015;;2020-08-04 10:04:12;0,00;FNI;0,00;Prostkvarnsgatan 30 A;;;
103041;;2020-08-04 10:15:31;0,00;FNI;0,00;Prostkvarnsgatan 16;;;
103077;;2020-08-04 10:51:29;0,00;FNI;0,00;Högabergsgatan 11;;;
102464;;2020-08-04 10:53:02;0,00;FNI;0,00;Bellevuegatan 5 A;;;
102470;;2020-08-04 10:56:42;0,00;FNI;0,00;Bellevuegatan 7;;;
102488;;2020-08-04 11:01:27;0,00;FNI;0,00;Kälkbacksgatan 3;;;
103067;;2020-08-04 11:07:32;0,00;FNI;0,00;Högabergsgatan 22;;;
103071;;2020-08-04 11:09:21;0,00;FNI;0,00;Högabergsgatan 15;;;
102514;;2020-08-04 11:25:38;0,00;FNI;0,00;Norra Barrgatan 10;;;
102512;;2020-08-04 11:27:33;0,00;FNI;0,00;Bellevuegatan 14;;;
102504;;2020-08-04 11:33:11;0,00;FNI;0,00;Norra Barrgatan 23;;;
102547;;2020-08-04 11:33:13;0,00;FNI;0,00;Skänkebergsgatan 17;;;
102567;;2020-08-04 11:41:34;0,00;FNI;0,00;Skänkebergsgatan 18;;;
102532;;2020-08-04 11:52:05;0,00;FNI;0,00;Skänkebergsgatan 2 A;;;
102587;;2020-08-04 11:54:27;0,00;FNI;0,00;Högabergsgatan 31;;;
206781;;2020-08-04 11:58:03;0,00;FNI;0,00;Högabergsgatan 27;;;
102579;;2020-08-04 11:58:39;0,00;FNI;0,00;Högabergsgatan 27;;;
102528;;2020-08-04 12:00:55;0,00;FNI;0,00;Högabergsgatan 30;;;
102536;;2020-08-04 12:02:38;0,00;FNI;0,00;Högabergsgatan 25;;;
102369;;2020-08-04 12:11:12;0,00;FNI;0,00;Von Platensgatan 30;;;
102407;;2020-08-04 12:11:52;0,00;FNI;0,00;Von Platensgatan 32 A;;;
207103;;2020-08-04 12:16:27;0,00;FNI;0,00;Von Platensgatan 21 B;;;
154782;;2020-08-04 12:18:24;0,00;FNI;0,00;Von Platensgatan 34 A;;;
102401;;2020-08-04 12:18:37;0,00;FNI;0,00;Von Platensgatan 25 B;;;
154788;;2020-08-04 12:20:13;0,00;FNI;0,00;Von Platensgatan 34 E;;;
154784;;2020-08-04 12:20:31;0,00;FNI;0,00;Von Platensgatan 34 D;;;
102416;;2020-08-04 12:20:53;0,00;FNI;0,00;Von Platensgatan 36;;;
102418;;2020-08-04 12:22:28;0,00;FNI;0,00;Von Platensgatan 38;;;
102424;;2020-08-04 12:28:15;0,00;FNI;0,00;Von Platensgatan 44;;;
102432;;2020-08-04 12:32:51;0,00;FNI;0,00;Bäckalyckevägen 41;;;
102430;;2020-08-04 12:32:55;0,00;FNI;0,00;Åsenvägen 12;;;
162782;;2020-08-04 12:32:57;0,00;FNI;0,00;Albanogatan 2;;;
102452;;2020-08-04 12:38:17;0,00;FNI;0,00;Bäckalyckevägen 33 E;;;
102450;;2020-08-04 12:39:38;0,00;FNI;0,00;Bäckalyckevägen 33 D;;;
102713;;2020-08-04 12:41:03;0,00;FNI;0,00;Blåbärsvägen 20;;;
124174;;2020-08-04 12:41:04;0,00;FNI;0,00;Rödingshagen 19;;;
102825;;2020-08-04 12:41:05;0,00;FNI;0,00;Lönejorden 11;;;
124901;;2020-08-05 07:10:08;0,00;FNI;0,00;Hallmansvägen 17;;;
103607;;2020-08-05 07:10:09;0,00;FNI;0,00;Hallmansvägen 12;;;
103611;;2020-08-05 07:12:04;0,00;FNI;0,00;Hallmansvägen 19;;;
103639;;2020-08-05 07:29:24;0,00;FNI;0,00;Stattutgatan 27;;;
103641;;2020-08-05 07:32:37;0,00;FNI;0,00;Stattutgatan 29;;;
103643;;2020-08-05 07:32:53;0,00;FNI;0,00;Stattutgatan 31;;;
103675;;2020-08-05 07:37:46;0,00;FNI;0,00;Stattutgatan 63;;;
103671;;2020-08-05 07:43:20;0,00;FNI;0,00;Stattutgatan 59;;;
103633;;2020-08-05 07:48:04;0,00;FNI;0,00;Stattutgatan 21;;;
103633;;2020-08-05 07:48:44;0,00;FNI;0,00;Stattutgatan 21;;;
103631;;2020-08-05 07:51:19;0,00;FNI;0,00;Stattutgatan 19;;;
103617;;2020-08-05 07:51:20;0,00;FNI;0,00;Stattutgatan 3;;;
103623;;2020-08-05 07:51:32;0,00;FNI;0,00;Stattutgatan 9;;;
158667;;2020-08-05 08:04:28;0,00;FNI;0,00;Rydalavägen;;;
103345;;2020-08-05 08:25:57;0,00;FNI;0,00;Valhallavägen 6;;;
103333;;2020-08-05 08:33:06;0,00;FNI;0,00;Betselvägen 8;;;
103329;;2020-08-05 08:33:43;0,00;FNI;0,00;Betselvägen 5;;;
103315;;2020-08-05 08:42:54;0,00;FNI;0,00;Betselvägen 18;;;
103291;;2020-08-05 08:47:08;0,00;FNI;0,00;Betselvägen 21;;;
103285;;2020-08-05 08:50:22;0,00;FNI;0,00;Betselvägen 30;;;
103293;;2020-08-05 08:51:38;0,00;FNI;0,00;Betselvägen 19;;;
103301;;2020-08-05 08:54:03;0,00;FNI;0,00;Bygelvägen 6;;;
103233;;2020-08-05 09:00:48;0,00;FNI;0,00;Ridstigen 3;;;
103257;;2020-08-05 09:06:52;0,00;FNI;0,00;Russvägen 7;;;
103255;;2020-08-05 09:07:09;0,00;FNI;0,00;Russvägen 5;;;
103251;;2020-08-05 09:10:18;0,00;FNI;0,00;Russvägen 1;;;
103273;;2020-08-05 09:17:20;0,00;FNI;0,00;Sadelvägen 3;;;
103697;;2020-08-05 09:26:42;0,00;FNI;0,00;Barbackavägen 12;;;
103207;;2020-08-05 09:32:57;0,00;FNI;0,00;Valhallavägen 14;;;
103157;;2020-08-05 09:45:05;0,00;FNI;0,00;Dunkehallavägen 53;;;
141947;;2020-08-05 09:50:25;0,00;FNI;0,00;Sannelundsgatan 20;;;
141959;;2020-08-05 09:50:29;0,00;FNI;0,00;Sannelundsgatan 26;;;
141955;;2020-08-05 09:51:56;0,00;FNI;0,00;Sannelundsgatan 24;;;
141957;;2020-08-05 09:52:22;0,00;FNI;0,00;Sannelundsgatan 25;;;
141941;;2020-08-05 09:54:38;0,00;FNI;0,00;Sannelundsgatan 16;;;
103435;;2020-08-05 10:01:14;0,00;FNI;0,00;Dunkehallavägen 58 A;;;
103433;;2020-08-05 10:01:58;0,00;FNI;0,00;Dunkehallavägen 56 B;;;
103439;;2020-08-05 10:03:37;0,00;FNI;0,00;Dunkehallavägen 54;;;
103151;;2020-08-05 10:03:39;0,00;FNI;0,00;Dunkehallavägen 43;;;
103431;;2020-08-05 10:03:40;0,00;FNI;0,00;Dunkehallavägen 56 A;;;
103459;;2020-08-05 10:08:39;0,00;FNI;0,00;Dunkehallavägen 48;;;
103085;;2020-08-05 10:17:53;0,00;FNI;0,00;Nedre Kvarngatan 2 C;;;
103092;;2020-08-05 10:18:01;0,00;FNI;0,00;Nedre Kvarngatan 4 A;;;
103083;;2020-08-05 10:21:04;0,00;FNI;0,00;Nedre Kvarngatan 2 B;;;
103121;;2020-08-05 10:40:07;0,00;FNI;0,00;Övre Kvarngatan 32;;;
103123;;2020-08-05 10:44:10;0,00;FNI;0,00;Övre Kvarngatan 30;;;
103141;;2020-08-05 10:46:13;0,00;FNI;0,00;Övre Kvarngatan 22;;;
103374;;2020-08-05 11:19:31;0,00;FNI;0,00;Narvavägen 8 A;;;
103453;;2020-08-05 11:27:31;0,00;FNI;0,00;Övre Kvarngatan 13 B;;;
103455;;2020-08-05 11:28:14;0,00;FNI;0,00;Övre Kvarngatan 13 C;;;
103410;;2020-08-05 11:29:00;0,00;FNI;0,00;Övre Kvarngatan 8;;;
103443;;2020-08-05 11:31:21;0,00;FNI;0,00;Övre Kvarngatan 18;;;
103449;;2020-08-05 11:31:25;0,00;FNI;0,00;Övre Kvarngatan 13 E;;;
103390;;2020-08-05 11:33:51;0,00;FNI;0,00;Dunkevägen 26;;;
103398;;2020-08-05 11:43:13;0,00;FNI;0,00;Dunkevägen 18;;;
205957;;2020-08-05 11:46:32;0,00;FNI;0,00;Dunkevägen 11;;;
103402;;2020-08-05 11:46:54;0,00;FNI;0,00;Dunkevägen 14;;;
103355;;2020-08-05 11:51:43;0,00;FNI;0,00;Narvavägen 7 B;;;
103365;;2020-08-05 11:55:10;0,00;FNI;0,00;Narvavägen 12 A;;;
103367;;2020-08-05 11:55:12;0,00;FNI;0,00;Narvavägen 12 B;;;
103583;;2020-08-05 12:07:56;0,00;FNI;0,00;Eriksbergsgatan 14;;;
103507;;2020-08-05 12:10:35;0,00;FNI;0,00;Eriksbergsgatan 10;;;
103465;;2020-08-05 12:12:38;0,00;FNI;0,00;Dunkehallavägen 34;;;
103511;;2020-08-05 12:16:41;0,00;FNI;0,00;Eriksbergsgatan 6;;;
103513;;2020-08-05 12:16:46;0,00;FNI;0,00;Eriksbergsgatan 4;;;
103515;;2020-08-05 12:17:01;0,00;FNI;0,00;Eriksbergsgatan 2;;;
103518;;2020-08-05 12:25:41;0,00;FNI;0,00;Forsgatan 1 B;;;
103559;;2020-08-05 12:29:05;0,00;FNI;0,00;Krushagsvägen 15;;;
103549;;2020-08-05 12:33:14;0,00;FNI;0,00;Krushagsvägen 11 A;;;
103547;;2020-08-05 12:34:19;0,00;FNI;0,00;Krushagsvägen 8;;;
103545;;2020-08-05 12:34:27;0,00;FNI;0,00;Krushagsvägen 9;;;
103499;;2020-08-05 12:44:36;0,00;FNI;0,00;Bymarksgatan 7;;;
103501;;2020-08-05 12:44:41;0,00;FNI;0,00;Bymarksgatan 9;;;
103497;;2020-08-05 12:44:52;0,00;FNI;0,00;Bymarksgatan 6 D;;;
103485;;2020-08-05 12:44:54;0,00;FNI;0,00;Bymarksgatan 3;;;
103493;;2020-08-05 12:45:36;0,00;FNI;0,00;Bymarksgatan 6 C;;;
141963;;2020-08-05 12:47:41;0,00;FNI;0,00;Sannelundsgatan 28;;;
103483;;2020-08-05 12:47:47;0,00;FNI;0,00;Bymarksgatan 1 C;;;
102428;;2020-08-06 06:30:18;0,00;FNI;0,00;Åsenvägen 14;;;
106925;;2020-08-06 06:37:50;0,00;FNI;0,00;Furuliden 2;;;
106778;;2020-08-06 06:38:31;0,00;FNI;0,00;Förborgsgatan 33;;;
106776;;2020-08-06 06:41:13;0,00;FNI;0,00;Förborgsgatan 28;;;
106774;;2020-08-06 06:41:14;0,00;FNI;0,00;Förborgsgatan 29;;;
106768;;2020-08-06 06:42:26;0,00;FNI;0,00;Förborgsgatan 23;;;
106764;;2020-08-06 06:42:48;0,00;FNI;0,00;Förborgsgatan 19;;;
106746;;2020-08-06 06:49:16;0,00;FNI;0,00;Förborgsgatan 13 B;;;
106744;;2020-08-06 06:49:18;0,00;FNI;0,00;Förborgsgatan 13 A;;;
106740;;2020-08-06 06:50:40;0,00;FNI;0,00;Förborgsgatan 9;;;
106736;;2020-08-06 06:52:48;0,00;FNI;0,00;Förborgsgatan 3;;;
106693;;2020-08-06 06:58:31;0,00;FNI;0,00;Återvändsgatan 1;;;
142408;;2020-08-06 07:02:22;0,00;FNI;0,00;Återvändsgatan 4;;;
106691;;2020-08-06 07:03:11;0,00;FNI;0,00;Återvändsgatan 3;;;
106677;;2020-08-06 07:09:01;0,00;FNI;0,00;Återvändsgatan 12;;;
106724;;2020-08-06 07:17:23;0,00;FNI;0,00;Fjällgatan 6;;;
106728;;2020-08-06 07:18:47;0,00;FNI;0,00;Fjällgatan 5;;;
106714;;2020-08-06 07:32:23;0,00;FNI;0,00;Gårdstigen 4 A;;;
106710;;2020-08-06 07:32:45;0,00;FNI;0,00;Gårdstigen 2;;;
156520;;2020-08-06 07:51:12;0,00;FNI;0,00;Mångatan 37;;;
106979;;2020-08-06 07:57:18;0,00;FNI;0,00;Ängsdalsgatan 7;;;
106977;;2020-08-06 07:57:22;0,00;FNI;0,00;Ängsdalsgatan 12;;;
106983;;2020-08-06 08:00:59;0,00;FNI;0,00;Ängsdalsgatan 3;;;
106969;;2020-08-06 08:01:27;0,00;FNI;0,00;Ängsdalsgatan 4;;;
106985;;2020-08-06 08:01:53;0,00;FNI;0,00;Ängsdalsgatan 1;;;
124356;;2020-08-06 08:11:23;0,00;FNI;0,00;Mångatan 53;;;
107041;;2020-08-06 08:14:01;0,00;FNI;0,00;Mångatan 34;;;
107039;;2020-08-06 08:14:03;0,00;FNI;0,00;Mångatan 32;;;
197140;;2020-08-06 08:15:21;0,00;FNI;0,00;Mångatan 24 A;;;
124350;;2020-08-06 08:21:29;0,00;FNI;0,00;Nävergatan 1;;;
106933;;2020-08-06 08:21:32;0,00;FNI;0,00;Nävergatan 3;;;
106957;;2020-08-06 08:29:44;0,00;FNI;0,00;Pikogatan 3;;;
106953;;2020-08-06 08:32:38;0,00;FNI;0,00;Övre Bergsgatan 5;;;
140399;;2020-08-06 08:35:12;0,00;FNI;0,00;Furuliden 5 B;;;
124354;;2020-08-06 08:35:33;0,00;FNI;0,00;Övre Bergsgatan 11;;;
124352;;2020-08-06 08:44:51;0,00;FNI;0,00;Nävergatan 2;;;
106941;;2020-08-06 08:44:52;0,00;FNI;0,00;Furuliden 3 B;;;
107004;;2020-08-06 08:47:39;0,00;FNI;0,00;Furuliden 1 B;;;
102087;;2020-08-06 09:25:44;0,00;FNI;0,00;Gjuterigatan 31 A;;;
102109;;2020-08-06 09:32:07;0,00;FNI;0,00;Stenbergsgatan 10;;;
102365;;2020-08-06 09:37:01;0,00;FNI;0,00;Von Platensgatan 26;;;
124166;;2020-08-06 09:48:39;0,00;FNI;0,00;Bäckalyckevägen 17;;;
102103;;2020-08-06 09:48:50;0,00;FNI;0,00;Bäckalyckevägen 20;;;
102121;;2020-08-06 09:50:20;0,00;FNI;0,00;Bäckalyckevägen 19;;;
102105;;2020-08-06 09:51:37;0,00;FNI;0,00;Bäckalyckevägen 22 A;;;
102117;;2020-08-06 09:52:47;0,00;FNI;0,00;Bäckalyckevägen 23;;;
141205;;2020-08-06 09:55:57;0,00;FNI;0,00;Lyckhemsgatan 19 C;;;
141081;;2020-08-06 09:56:56;0,00;FNI;0,00;Lyckhemsgatan 19 A;;;
141921;;2020-08-06 10:01:37;0,00;FNI;0,00;Sankt Pauligatan 5 B;;;
102076;;2020-08-06 10:01:49;0,00;FNI;0,00;Sankt Pauligatan 6;;;
124871;;2020-08-06 10:04:15;0,00;FNI;0,00;Sankt Pauligatan 2;;;
102134;;2020-08-06 10:16:03;0,00;FNI;0,00;Brunnsgatan 37 A;;;
102149;;2020-08-06 10:17:56;0,00;FNI;0,00;Brunnsgatan 46;;;
141923;;2020-08-06 10:22:54;0,00;FNI;0,00;Sankt Pauligatan 9;;;
141491;;2020-08-06 10:23:45;0,00;FNI;0,00;Sankt Pauligatan 1 B;;;
141925;;2020-08-06 10:25:07;0,00;FNI;0,00;Sankt Pauligatan 11;;;
102101;;2020-08-06 10:29:38;0,00;FNI;0,00;Gjuterigatan 37;;;
207523;;2020-08-06 10:33:34;0,00;FNI;0,00;Bäckalyckevägen 16;;;
102167;;2020-08-06 10:34:55;0,00;FNI;0,00;Thorildsgatan 12/Bäckalyckevägen;;;
102170;;2020-08-06 10:37:55;0,00;FNI;0,00;Bäckalyckevägen 9;;;
102292;;2020-08-06 10:43:25;0,00;FNI;0,00;Stagneliigatan 12;;;
102159;;2020-08-06 10:43:26;0,00;FNI;0,00;Bäckalyckevägen 13 B;;;
124876;;2020-08-06 10:43:27;0,00;FNI;0,00;Bäckalyckevägen 13 A;;;
102155;;2020-08-06 10:47:20;0,00;FNI;0,00;Bäckalyckevägen 15;;;
102147;;2020-08-06 10:47:23;0,00;FNI;0,00;Brunnsgatan 44;;;
102233;;2020-08-06 10:49:06;0,00;FNI;0,00;Thorildsgatan 1;;;
124168;;2020-08-06 10:50:05;0,00;FNI;0,00;Thorildsgatan 2;;;
102231;;2020-08-06 10:50:51;0,00;FNI;0,00;Thorildsgatan 4;;;
142528;;2020-08-06 10:52:55;0,00;FNI;0,00;Thorildsgatan 3;;;
102225;;2020-08-06 10:54:52;0,00;FNI;0,00;Lyckhemsgatan 9;;;
102219;;2020-08-06 10:56:53;0,00;FNI;0,00;Lyckhemsgatan 7;;;
102217;;2020-08-06 11:03:21;0,00;FNI;0,00;Polhemsgatan 3;;;
207231;;2020-08-06 11:03:35;0,00;FNI;0,00;Polhemsgatan 3;;;
102209;;2020-08-06 11:05:04;0,00;FNI;0,00;Lyckhemsgatan 10;;;
102202;;2020-08-06 11:13:22;0,00;FNI;0,00;Lyckhemsgatan 6;;;
140373;;2020-08-06 11:14:54;0,00;FNI;0,00;Bäckalyckevägen 1;;;
102194;;2020-08-06 11:14:55;0,00;FNI;0,00;Bäckalyckevägen 2;;;
102182;;2020-08-06 11:19:09;0,00;FNI;0,00;Bäckalyckevägen 5;;;
102190;;2020-08-06 11:25:10;0,00;FNI;0,00;Bäckalyckevägen 4;;;
102227;;2020-08-06 11:30:44;0,00;FNI;0,00;Lyckhemsgatan 16;;;
102345;;2020-08-06 11:35:43;0,00;FNI;0,00;Sankt Pauligatan 20;;;
102341;;2020-08-06 11:39:34;0,00;FNI;0,00;Sankt Pauligatan 22/Sergelvägen;;;
102339;;2020-08-06 11:39:35;0,00;FNI;0,00;Sergelvägen 1;;;
102337;;2020-08-06 11:41:15;0,00;FNI;0,00;Sergelvägen 2;;;
102335;;2020-08-06 11:41:17;0,00;FNI;0,00;Sergelvägen 4;;;
102331;;2020-08-06 11:41:18;0,00;FNI;0,00;Sergelvägen 8;;;
102315;;2020-08-06 11:41:20;0,00;FNI;0,00;Dalslundsgatan 13;;;
102317;;2020-08-06 11:41:35;0,00;FNI;0,00;Dalslundsgatan 11;;;
102303;;2020-08-06 11:48:44;0,00;FNI;0,00;Von Platensgatan 2;;;
142044;;2020-08-06 11:53:43;0,00;FNI;0,00;Skjutsarbacken 9;;;
102323;;2020-08-06 11:57:00;0,00;FNI;0,00;Dunkehallavägen 25;;;
102325;;2020-08-06 11:59:40;0,00;FNI;0,00;Selma Lagerlöfsgatan 3;;;
102329;;2020-08-06 12:03:19;0,00;FNI;0,00;Selma Lagerlöfsgatan 11;;;
102313;;2020-08-06 12:07:10;0,00;FNI;0,00;Dalslundsgatan 10;;;
102253;;2020-08-06 12:18:04;0,00;FNI;0,00;Villagatan 10;;;
102251;;2020-08-06 12:18:06;0,00;FNI;0,00;Villagatan 8;;;
102249;;2020-08-06 12:18:18;0,00;FNI;0,00;Villagatan 6;;;
156198;;2020-08-06 12:18:19;0,00;FNI;0,00;Villagatan 4;;;
102247;;2020-08-06 12:24:13;0,00;FNI;0,00;Tomtebogatan 5;;;
102305;;2020-08-06 12:28:42;0,00;FNI;0,00;Von Platensgatan 1;;;
102307;;2020-08-06 12:28:46;0,00;FNI;0,00;Dunkehallavägen 19;;;
102286;;2020-08-06 12:32:47;0,00;FNI;0,00;Stagneliigatan 7;;;
102275;;2020-08-06 12:37:00;0,00;FNI;0,00;Stagneliigatan 2 B;;;
193313;;2020-08-07 09:25:18;0,00;FNI;0,00;Äskhult 1;;;
193205;;2020-08-07 10:31:51;0,00;FNI;0,00;Stora Hallebo 3;;;
206101;;2020-08-07 12:19:28;0,00;FNI;0,00;Åsared 6;;;
193219;;2020-08-07 12:19:52;0,00;FNI;0,00;Hultarp 1;;;
194614;;2020-08-07 12:20:11;0,00;FNI;0,00;Daräng Nolgården 3;;;
194827;;2020-08-07 12:20:18;0,00;FNI;0,00;Nybacken, Lilla Gölhult;;;
193311;;2020-08-07 12:20:27;0,00;FNI;0,00;Äskhult 2;;;
;;;;;;;;∑ Mängd: ;0,00
;;;;;;;;∑ Antal:;330
Gruppering sker på fordon:;535; och avvikelsetyp:;Tagg ej läst;;;;;;
Tjänstnr;Anmärkning;Datum Tid;Mängd;Förare;Mängd;Adress;;;
166976;;2020-08-03 06:57:05;0,00;FNI;0,00;Nygatan 4;;;
164823;;2020-08-03 07:12:58;0,00;FNI;0,00;Stationsvägen 16;;;
164879;;2020-08-03 07:37:55;0,00;FNI;0,00;Vävarevägen 1;;;
164964;;2020-08-03 07:41:34;0,00;FNI;0,00;Johan Printz Väg 14;;;
164876;;2020-08-03 08:10:08;0,00;FNI;0,00;Nygatan 16;;;
164967;;2020-08-03 10:43:50;0,00;FNI;0,00;Skogshemsgatan 1 B;;;
164946;;2020-08-03 11:03:26;0,00;FNI;0,00;Lansgatan 7 D;;;
164922;;2020-08-03 11:54:09;0,00;FNI;0,00;Larmgatan 3;;;
204148;;2020-08-04 06:32:02;0,00;FNI;0,00;Flädergatan 9;;;
165133;;2020-08-04 06:53:27;0,00;FNI;0,00;Ringvägen 22;;;
165160;;2020-08-04 08:10:49;0,00;FNI;0,00;Linnegatan 26;;;
172717;;2020-08-04 08:11:01;0,00;FNI;0,00;Linnegatan 22;;;
165087;;2020-08-04 08:18:57;0,00;FNI;0,00;Fersensgatan 10;;;
165086;;2020-08-04 08:20:28;0,00;FNI;0,00;Fersensgatan 6;;;
165017;;2020-08-04 09:07:28;0,00;FNI;0,00;Kastanjevägen 32;;;
208663;;2020-08-04 09:32:06;0,00;FNI;0,00;Kastanjevägen 3 B;;;
165038;;2020-08-04 10:32:56;0,00;FNI;0,00;Särlavägen 8;;;
165005;;2020-08-04 10:50:51;0,00;FNI;0,00;Advokatgatan 2 A;;;
165151;;2020-08-04 10:50:54;0,00;FNI;0,00;Burgatan 10;;;
165034;;2020-08-04 10:50:56;0,00;FNI;0,00;Advokatgatan 1;;;
157625;;2020-08-04 11:19:52;0,00;FNI;0,00;Solvägen 13;;;
165009;;2020-08-04 11:29:08;0,00;FNI;0,00;Huskvarnavägen 83 B;;;
165181;;2020-08-05 07:43:46;0,00;FNI;0,00;Rödklövervägen 3;;;
165271;;2020-08-05 11:44:12;0,00;FNI;0,00;Andreevägen 15;;;
166937;;2020-08-05 12:13:12;0,00;FNI;0,00;Alströmervägen 29;;;
165233;;2020-08-05 12:13:13;0,00;FNI;0,00;Alströmervägen 15;;;
169060;;2020-08-05 12:13:50;0,00;FNI;0,00;Alströmervägen 14;;;
207082;;2020-08-05 12:22:12;0,00;FNI;0,00;Ansgariigatan 11;;;
165212;;2020-08-05 12:42:33;0,00;FNI;0,00;Kavlabrovägen 10;;;
165494;;2020-08-06 06:28:04;0,00;FNI;0,00;Hagstensgatan 25;;;
172171;;2020-08-06 06:56:32;0,00;FNI;0,00;Norrängsgatan 12;;;
173603;;2020-08-06 07:13:40;0,00;FNI;0,00;Gripenbergsgatan 88;;;
165451;;2020-08-06 07:31:31;0,00;FNI;0,00;Gripenbergsgatan 60;;;
206258;;2020-08-06 07:31:38;0,00;FNI;0,00;Gripenbergsgatan 51;;;
165449;;2020-08-06 07:38:15;0,00;FNI;0,00;Gripenbergsgatan 54;;;
165452;;2020-08-06 07:38:16;0,00;FNI;0,00;Gripenbergsgatan 52;;;
165455;;2020-08-06 08:58:33;0,00;FNI;0,00;Norra Parkgatan 45;;;
165494;;2020-08-06 08:58:53;0,00;FNI;0,00;Hagstensgatan 25;;;
207943;;2020-08-06 09:23:03;0,00;FNI;0,00;Grännavägen 34;;;
208377;;2020-08-06 09:23:06;0,00;FNI;0,00;Fogdegatan 12;;;
180655;;2020-08-06 09:24:57;0,00;FNI;0,00;Grännavägen 32;;;
179533;;2020-08-06 10:41:00;0,00;FNI;0,00;Lundenvägen 4 A;;;
165342;;2020-08-06 11:12:45;0,00;FNI;0,00;Hagstensgatan 34;;;
169585;;2020-08-06 11:12:47;0,00;FNI;0,00;Hagstensgatan 14 C;;;
164518;;2020-08-07 07:00:20;0,00;FNI;0,00;Getingvägen 3;;;
166332;;2020-08-07 11:25:23;0,00;FNI;0,00;Brunstorpsvägen 15;;;
;;;;;;;;∑ Mängd: ;0,00
;;;;;;;;∑ Antal:;46
Gruppering sker på fordon:;536; och avvikelsetyp:;Tagg ej läst;;;;;;
Tjänstnr;Anmärkning;Datum Tid;Mängd;Förare;Mängd;Adress;;;
204047;;2020-08-03 10:34:23;0,00;FNI;0,00;Daräng Nolgård 8;;;
203469;;2020-08-03 12:00:15;0,00;FNI;0,00;Gölan Nolgården;;;
178511;;2020-08-03 12:00:15;0,00;FNI;0,00;Fröjden 5;;;
204719;;2020-08-03 12:00:16;0,00;FNI;0,00;Daräng Sörgården 1;;;
201936;;2020-08-03 12:00:16;0,00;FNI;0,00;Lindhult 1;;;
201852;;2020-08-03 12:00:17;0,00;FNI;0,00;Ebbarp Mariatorpet;;;
203801;;2020-08-03 12:00:17;0,00;FNI;0,00;Daräng Nolgården 3;;;
178367;;2020-08-03 12:00:17;0,00;FNI;0,00;Fröjden 6;;;
201901;;2020-08-03 12:00:18;0,00;FNI;0,00;Stora Hallebo 3;;;
198595;;2020-08-06 09:50:33;0,00;FNI;0,00;Perstorpsvägen 7;;;
199654;;2020-08-06 09:51:06;0,00;FNI;0,00;Perstorpsvägen 3;;;
204611;;2020-08-06 10:35:56;0,00;FNI;0,00;Slättebråten 3;;;
201994;;2020-08-06 13:06:26;0,00;FNI;0,00;Gamla Ryforsvägen 13;;;
203532;;2020-08-06 13:06:33;0,00;FNI;0,00;Äspered 13;;;
199035;;2020-08-06 13:06:35;0,00;FNI;0,00;Öringstigen 5;;;
203220;;2020-08-06 13:06:36;0,00;FNI;0,00;Västerkärr Stråkenvägen 26;;;
202769;;2020-08-06 13:06:39;0,00;FNI;0,00;Karshult 4;;;
204172;;2020-08-07 08:56:06;0,00;FNI;0,00;Lilla Fiskebäck 4;;;
203781;;2020-08-07 11:13:20;0,00;FNI;0,00;Notdragargatan 7;;;
203488;;2020-08-07 11:45:27;0,00;FNI;0,00;Sjogarp 4;;;
;;;;;;;;∑ Mängd: ;0,00
;;;;;;;;∑ Antal:;20
Gruppering sker på fordon:;537; och avvikelsetyp:;Tagg ej läst;;;;;;
Tjänstnr;Anmärkning;Datum Tid;Mängd;Förare;Mängd;Adress;;;
155268;;2020-08-03 07:27:24;0,00;FNI;0,00;Visingsö Gästhamn;;;
151768;;2020-08-03 07:36:37;0,00;FNI;0,00;Visingsborg 7, Hamnen;;;
155144;;2020-08-03 07:40:16;0,00;FNI;0,00;Visingsborg 7, Hamnen;;;
149509;;2020-08-03 07:48:37;0,00;FNI;0,00;Visingsborg 10, Värdshuset;;;
159496;;2020-08-03 08:31:35;0,00;FNI;0,00;Rökinge 92;;;
154622;;2020-08-03 08:32:57;0,00;FNI;0,00;Rökinge 88;;;
152704;;2020-08-03 08:32:59;0,00;FNI;0,00;Rökinge 87;;;
124019;;2020-08-03 08:51:33;0,00;FNI;0,00;Rökinge 108;;;
149617;;2020-08-03 09:17:47;0,00;FNI;0,00;Stigby 7;;;
158873;;2020-08-03 09:35:15;0,00;FNI;0,00;Stigbyskolan;;;
158873;;2020-08-03 09:35:17;0,00;FNI;0,00;Stigbyskolan;;;
149297;;2020-08-03 09:35:46;0,00;FNI;0,00;Stigbyskolan;;;
149297;;2020-08-03 09:35:53;0,00;FNI;0,00;Stigbyskolan;;;
149297;;2020-08-03 09:35:54;0,00;FNI;0,00;Stigbyskolan;;;
149297;;2020-08-03 09:35:55;0,00;FNI;0,00;Stigbyskolan;;;
154614;;2020-08-03 10:37:10;0,00;FNI;0,00;Näs Badplats;;;
123970;;2020-08-03 11:52:00;0,00;FNI;0,00;Rökingevägen 4;;;
149626;;2020-08-03 11:52:02;0,00;FNI;0,00;Rökingevägen 6;;;
149259;;2020-08-03 12:11:23;0,00;FNI;0,00;Norrbovägen 65-67, Kumlabyskolan;;;
157267;;2020-08-03 12:20:49;0,00;FNI;0,00;Norrbovägen 90;;;
149420;;2020-08-03 12:37:24;0,00;FNI;0,00;Rosenstigen 2-44;;;
149440;;2020-08-03 12:52:58;0,00;FNI;0,00;Norrbovägen 5;;;
159417;;2020-08-03 12:53:01;0,00;FNI;0,00;Visingsö Bygdegård 1;;;
149622;;2020-08-03 12:53:21;0,00;FNI;0,00;Ängslyckan;;;
208510;;2020-08-04 06:58:00;0,00;FNI;0,00;Amiralsvägen 55;;;
155016;;2020-08-04 07:28:35;0,00;FNI;0,00;Vretaholm Dammen 4;;;
122914;;2020-08-04 07:32:37;0,00;FNI;0,00;Tykagatan 2;;;
137586;;2020-08-04 08:35:53;0,00;FNI;0,00;Bunnström 15;;;
162841;;2020-08-04 09:19:44;0,00;FNI;0,00;Fågelvik 14;;;
137097;;2020-08-04 09:24:51;0,00;FNI;0,00;Fågelvik 52;;;
137696;;2020-08-04 09:31:17;0,00;FNI;0,00;Södra Kärr 20;;;
207462;;2020-08-04 09:40:59;0,00;FNI;0,00;Södra Kärr 22;;;
137886;;2020-08-04 09:58:05;0,00;FNI;0,00;Östanå 27;;;
137889;;2020-08-04 09:59:14;0,00;FNI;0,00;Östanå 30;;;
137877;;2020-08-04 10:00:59;0,00;FNI;0,00;Östanå 32;;;
137727;;2020-08-04 11:19:11;0,00;FNI;0,00;Örsnäs 1;;;
152370;;2020-08-05 06:47:55;0,00;FNI;0,00;Reaby 34;;;
136751;;2020-08-05 06:52:38;0,00;FNI;0,00;Reaby Stenstorp 2;;;
136749;;2020-08-05 06:52:43;0,00;FNI;0,00;Reaby Stenstorp 2;;;
137020;;2020-08-05 07:35:09;0,00;FNI;0,00;Bunnström 71;;;
136874;;2020-08-05 07:52:49;0,00;FNI;0,00;Bohult 6;;;
136877;;2020-08-05 08:06:47;0,00;FNI;0,00;Bohult 21;;;
137461;;2020-08-05 08:10:13;0,00;FNI;0,00;Aranäs Stugan 2;;;
137486;;2020-08-05 08:33:24;0,00;FNI;0,00;Bjällebäck Gatan 3;;;
137503;;2020-08-05 08:44:45;0,00;FNI;0,00;Bjällebäck 41;;;
136449;;2020-08-05 09:06:49;0,00;FNI;0,00;Hövik 15;;;
136601;;2020-08-05 10:04:38;0,00;FNI;0,00;Knopparp 1;;;
208375;;2020-08-05 10:32:23;0,00;FNI;0,00;Högaberg 17;;;
208375;;2020-08-05 10:32:28;0,00;FNI;0,00;Högaberg 17;;;
137430;;2020-08-05 11:09:29;0,00;FNI;0,00;Örserum 18;;;
162459;;2020-08-05 11:19:11;0,00;FNI;0,00;Jonstorp 9;;;
137063;;2020-08-05 11:29:43;0,00;FNI;0,00;Dottemålen 1;;;
136802;;2020-08-05 11:51:38;0,00;FNI;0,00;Aranäs Solbacken 1;;;
137474;;2020-08-05 12:00:00;0,00;FNI;0,00;Bjällebäcksviken 8;;;
137515;;2020-08-05 12:00:01;0,00;FNI;0,00;Bjällebäcksviken 9;;;
137464;;2020-08-05 12:00:02;0,00;FNI;0,00;Bjällebäcksviken 3;;;
149771;;2020-08-06 08:06:20;0,00;FNI;0,00;Vrixlösa 12;;;
123879;;2020-08-06 08:32:37;0,00;FNI;0,00;Vrixlösa Västergård 7;;;
149388;;2020-08-06 09:27:55;0,00;FNI;0,00;Torp Ingemarsgård 21;;;
162720;;2020-08-06 11:02:44;0,00;FNI;0,00;Tunnerstad 6:20, Reningsverket;;;
162720;;2020-08-06 11:02:47;0,00;FNI;0,00;Tunnerstad 6:20, Reningsverket;;;
123659;;2020-08-07 10:47:32;0,00;FNI;0,00;Hälsovägen 9;;;
;;;;;;;;∑ Mängd: ;0,00
;;;;;;;;∑ Antal:;62
Gruppering sker på fordon:;538; och avvikelsetyp:;Tagg ej läst;;;;;;
Tjänstnr;Anmärkning;Datum Tid;Mängd;Förare;Mängd;Adress;;;
207995;;2020-08-03 07:36:21;0,00;FNI;0,00;Oxdragarslingan 14;;;
207833;;2020-08-03 08:06:13;0,00;FNI;0,00;Fårstigen 37;;;
205271;;2020-08-03 08:25:09;0,00;FNI;0,00;Bockstigen 11;;;
208562;;2020-08-03 08:29:40;0,00;FNI;0,00;Bockstigen 21;;;
207046;;2020-08-03 08:56:25;0,00;FNI;0,00;Kultingstigen 10;;;
202868;;2020-08-03 10:34:02;0,00;FNI;0,00;Rapsgatan 18;;;
204237;;2020-08-03 10:52:38;0,00;FNI;0,00;Blåklintsgatan 29;;;
201589;;2020-08-03 11:47:33;0,00;FNI;0,00;Timotejgatan 9;;;
202014;;2020-08-04 09:24:55;0,00;FNI;0,00;Birkagatan 5;;;
203938;;2020-08-04 10:09:53;0,00;FNI;0,00;Skyttevägen 9;;;
208417;;2020-08-04 10:52:38;0,00;FNI;0,00;Lovisagatan 12;;;
202085;;2020-08-04 10:52:49;0,00;FNI;0,00;Linnégatan 7;;;
203424;;2020-08-04 11:46:38;0,00;FNI;0,00;Bäckgatan 20;;;
203510;;2020-08-04 11:51:41;0,00;FNI;0,00;Tubberedsvägen 12;;;
203517;;2020-08-04 11:52:31;0,00;FNI;0,00;Tubberedsvägen 18;;;
202190;;2020-08-04 11:52:42;0,00;FNI;0,00;Tubberedsvägen 16;;;
203574;;2020-08-05 06:50:47;0,00;FNI;0,00;Industrigatan 6;;;
202039;;2020-08-05 07:07:17;0,00;FNI;0,00;Bränningegatan 5 B;;;
200981;;2020-08-05 07:46:41;0,00;FNI;0,00;Höjdstigen 9;;;
202325;;2020-08-05 08:06:44;0,00;FNI;0,00;Bergstigen 21;;;
204019;;2020-08-05 11:21:53;0,00;FNI;0,00;Munkvägen 9;;;
203088;;2020-08-05 11:44:40;0,00;FNI;0,00;Hjovägen 9;;;
203149;;2020-08-05 11:45:21;0,00;FNI;0,00;Mellangatan 4;;;
203168;;2020-08-05 11:54:17;0,00;FNI;0,00;Nygatan 13;;;
203147;;2020-08-05 11:54:25;0,00;FNI;0,00;Malmgatan 21;;;
203536;;2020-08-05 12:32:46;0,00;FNI;0,00;Skolgatan 28;;;
200763;;2020-08-06 07:46:47;0,00;FNI;0,00;Tidaholmsvägen 49;;;
198917;;2020-08-06 07:55:26;0,00;FNI;0,00;Videgatan 2;;;
200099;;2020-08-06 08:55:21;0,00;FNI;0,00;Grengatan 3 B;;;
199496;;2020-08-06 09:00:44;0,00;FNI;0,00;Grengatan 15;;;
199488;;2020-08-06 09:04:09;0,00;FNI;0,00;Grengatan 18;;;
198311;;2020-08-06 09:24:55;0,00;FNI;0,00;Finkgatan 19;;;
199932;;2020-08-06 09:45:47;0,00;FNI;0,00;Lärkgatan 13;;;
199928;;2020-08-06 09:45:51;0,00;FNI;0,00;Lärkgatan 9;;;
199435;;2020-08-06 10:27:47;0,00;FNI;0,00;Trastgatan 40;;;
204666;;2020-08-06 11:08:01;0,00;FNI;0,00;Dalskogsvägen 9;;;
198492;;2020-08-06 11:22:37;0,00;FNI;0,00;Mellangatan 6;;;
198138;;2020-08-07 10:40:23;0,00;FNI;0,00;Aspgatan 32;;;
199596;;2020-08-07 10:51:28;0,00;FNI;0,00;Sälggatan 3;;;
199601;;2020-08-07 10:57:27;0,00;FNI;0,00;Sälggatan 16;;;
199551;;2020-08-07 11:06:00;0,00;FNI;0,00;Sälggatan 8;;;
;;;;;;;;∑ Mängd: ;0,00
;;;;;;;;∑ Antal:;41
Gruppering sker på fordon:;539; och avvikelsetyp:;Tagg ej läst;;;;;;
Tjänstnr;Anmärkning;Datum Tid;Mängd;Förare;Mängd;Adress;;;
135467;;2020-08-03 08:06:58;0,00;FNI;0,00;Hyltena Näset 1;;;
180583;;2020-08-03 08:40:07;0,00;FNI;0,00;Sjöhult 32;;;
144939;;2020-08-03 08:43:46;0,00;FNI;0,00;Sjöhult 38;;;
208660;;2020-08-03 08:49:09;0,00;FNI;0,00;Sjöhult 51;;;
144906;;2020-08-03 09:17:31;0,00;FNI;0,00;Sjöhult 73;;;
144874;;2020-08-03 09:38:29;0,00;FNI;0,00;Röshult;;;
158784;;2020-08-03 09:52:12;0,00;FNI;0,00;Röshult 6;;;
135366;;2020-08-03 11:40:32;0,00;FNI;0,00;Granarpsvägen 151;;;
207605;;2020-08-04 08:12:04;0,00;FNI;0,00;Sandseryd 27;;;
145320;;2020-08-04 09:08:51;0,00;FNI;0,00;Jäbo 6;;;
157389;;2020-08-04 10:04:35;0,00;FNI;0,00;Åsavägen 13;;;
208564;;2020-08-04 10:42:56;0,00;FNI;0,00;Stora Åsa 43;;;
207070;;2020-08-05 09:20:43;0,00;FNI;0,00;Lockebo gård 1;;;
156712;;2020-08-06 09:59:32;0,00;FNI;0,00;Sevdabo 52;;;
157552;;2020-08-07 08:50:11;0,00;FNI;0,00;Ekeberg 7;;;
146879;;2020-08-07 10:00:31;0,00;FNI;0,00;Ingaryd 2;;;
153751;;2020-08-07 10:07:02;0,00;FNI;0,00;Rogberga 29;;;
146899;;2020-08-07 10:16:37;0,00;FNI;0,00;Knivshult 1;;;
207956;;2020-08-07 10:24:21;0,00;FNI;0,00;Knivshult 10;;;
147317;;2020-08-07 11:33:41;0,00;FNI;0,00;Riddersberg 26;;;
147272;;2020-08-07 11:46:28;0,00;FNI;0,00;Stora Västansjö 5;;;
152301;;2020-08-07 12:18:03;0,00;FNI;0,00;Lilla Västansjö 28;;;
;;;;;;;;∑ Mängd: ;0,00
;;;;;;;;∑ Antal:;22
Gruppering sker på fordon:;540; och avvikelsetyp:;Tagg ej läst;;;;;;
Tjänstnr;Anmärkning;Datum Tid;Mängd;Förare;Mängd;Adress;;;
174014;;2020-08-04 07:15:16;0,00;FNI;0,00;Vretaholm Dammen 4;;;
172380;;2020-08-05 09:46:57;0,00;FNI;0,00;Bohult 6;;;
207624;;2020-08-05 11:38:26;0,00;FNI;0,00;Barrgatan 17;;;
203836;;2020-08-05 11:50:51;0,00;FNI;0,00;Julared 1;;;
176092;;2020-08-06 08:46:00;0,00;FNI;0,00;Bosgård Södergård 1;;;
131970;;2020-08-06 08:48:40;0,00;FNI;0,00;Vistakullevägen 135, Visborg;;;
131972;;2020-08-06 08:52:20;0,00;FNI;0,00;Bosgård 2;;;
180183;;2020-08-06 08:56:19;0,00;FNI;0,00;Bosgård 21;;;
147954;;2020-08-06 09:11:13;0,00;FNI;0,00;Edeskvarna 11;;;
148390;;2020-08-06 09:37:42;0,00;FNI;0,00;Edeskvarna 20;;;
147435;;2020-08-06 09:37:45;0,00;FNI;0,00;Edeskvarna 16;;;
;;;;;;;;∑ Mängd: ;0,00
;;;;;;;;∑ Antal:;11
Gruppering sker på fordon:;541; och avvikelsetyp:;Tagg ej läst;;;;;;
Tjänstnr;Anmärkning;Datum Tid;Mängd;Förare;Mängd;Adress;;;
133532;;2020-08-03 07:32:11;0,00;FNI;0,00;Tubbarp 21;;;
158530;;2020-08-03 07:39:10;0,00;FNI;0,00;Målskog Säteri 1;;;
172342;;2020-08-03 07:41:42;0,00;FNI;0,00;Målskog 3;;;
133846;;2020-08-03 09:21:37;0,00;FNI;0,00;Flasarp 1;;;
180597;;2020-08-03 09:40:33;0,00;FNI;0,00;Månseryd Säteri 3;;;
153881;;2020-08-03 10:02:32;0,00;FNI;0,00;Flaskebo 4;;;
133946;;2020-08-03 10:27:10;0,00;FNI;0,00;Granshult Katrineholm 45;;;
159481;;2020-08-03 11:25:57;0,00;FNI;0,00;Klerebo Bergsäter 6;;;
133521;;2020-08-03 11:57:39;0,00;FNI;0,00;Bod 14;;;
193324;;2020-08-03 12:03:29;0,00;FNI;0,00;Klerebo Rödjorna 1;;;
133826;;2020-08-03 12:41:25;0,00;FNI;0,00;Domnaryds Gård 2;;;
208419;;2020-08-03 12:41:27;0,00;FNI;0,00;Domnaryds Gård 2;;;
208681;;2020-08-03 12:41:51;0,00;FNI;0,00;Granshult Södergård 3;;;
162393;;2020-08-04 07:01:25;0,00;FNI;0,00;Lövhagen 2;;;
142961;;2020-08-04 07:40:53;0,00;FNI;0,00;Kortebovägen 198;;;
142904;;2020-08-04 07:48:03;0,00;FNI;0,00;Bergshyddevägen 21;;;
207126;;2020-08-04 11:08:51;0,00;FNI;0,00;Östra Svinhult 8;;;
204912;;2020-08-04 11:08:54;0,00;FNI;0,00;Östra Svinhult 16;;;
206595;;2020-08-05 07:37:51;0,00;FNI;0,00;Movägen 23;;;
142507;;2020-08-05 09:36:04;0,00;FNI;0,00;Södra Skogsstigen 13;;;
142105;;2020-08-05 09:54:05;0,00;FNI;0,00;Västra Skogsstigen 2;;;
142619;;2020-08-05 10:47:39;0,00;FNI;0,00;Vallstigen 4;;;
140588;;2020-08-05 11:54:02;0,00;FNI;0,00;Gärdesstigen 15;;;
142048;;2020-08-06 07:25:46;0,00;FNI;0,00;Axamo Skogsväg 20 B;;;
206966;;2020-08-06 07:34:56;0,00;FNI;0,00;Dalstigen 13;;;
141892;;2020-08-06 09:00:48;0,00;FNI;0,00;Pumpvägen 10;;;
134208;;2020-08-06 10:52:56;0,00;FNI;0,00;Sjövik 6;;;
207089;;2020-08-06 11:29:39;0,00;FNI;0,00;Svinhaga 10;;;
153314;;2020-08-06 11:29:56;0,00;FNI;0,00;Grusstigen 4;;;
207037;;2020-08-07 07:20:39;0,00;FNI;0,00;Åsens Gård 2;;;
143169;;2020-08-07 09:33:51;0,00;FNI;0,00;Drösphults Gård 1;;;
143378;;2020-08-07 10:37:14;0,00;FNI;0,00;Axamo Hallbystugan;;;
207297;;2020-08-07 10:45:22;0,00;FNI;0,00;Tolarp 18;;;
;;;;;;;;∑ Mängd: ;0,00
;;;;;;;;∑ Antal:;33
Gruppering sker på fordon:;542; och avvikelsetyp:;Tagg ej läst;;;;;;
Tjänstnr;Anmärkning;Datum Tid;Mängd;Förare;Mängd;Adress;;;
143709;;2020-08-03 07:19:28;0,00;FNI;0,00;Hägghult 8;;;
144340;;2020-08-03 07:19:30;0,00;FNI;0,00;Hägghult 3;;;
143715;;2020-08-03 07:19:31;0,00;FNI;0,00;Hägghult 7;;;
208583;;2020-08-03 07:41:18;0,00;FNI;0,00;Grevby 12;;;
158341;;2020-08-03 08:16:21;0,00;FNI;0,00;Järsnäs 8;;;
139408;;2020-08-03 08:16:22;0,00;FNI;0,00;Järsnäs 10;;;
139408;;2020-08-03 08:16:24;0,00;FNI;0,00;Järsnäs 10;;;
139592;;2020-08-03 08:40:23;0,00;FNI;0,00;Sund 5;;;
157349;;2020-08-03 09:26:22;0,00;FNI;0,00;Olseryd 6;;;
208271;;2020-08-03 09:26:57;0,00;FNI;0,00;Olseryd 4;;;
208273;;2020-08-03 09:26:59;0,00;FNI;0,00;Olseryd 5;;;
158840;;2020-08-03 10:25:32;0,00;FNI;0,00;Fallnäs 11;;;
139749;;2020-08-03 11:10:30;0,00;FNI;0,00;Långsbo 10;;;
139448;;2020-08-03 11:23:37;0,00;FNI;0,00;Långsbo 32;;;
139570;;2020-08-03 11:40:22;0,00;FNI;0,00;Sonatorp 2;;;
155946;;2020-08-04 08:47:41;0,00;FNI;0,00;Mårtensdrätt 26;;;
162379;;2020-08-04 10:29:28;0,00;FNI;0,00;Signesbo Kojebo 1;;;
139855;;2020-08-04 11:05:54;0,00;FNI;0,00;Signesbo 26;;;
139563;;2020-08-04 11:11:01;0,00;FNI;0,00;Signesbo 1;;;
159456;;2020-08-04 12:28:31;0,00;FNI;0,00;Gyeberg Vik 1;;;
138029;;2020-08-05 06:46:27;0,00;FNI;0,00;Hakarps Kyrkby 12;;;
148824;;2020-08-05 08:41:51;0,00;FNI;0,00;Nissamålen 1;;;
207479;;2020-08-05 11:08:44;0,00;FNI;0,00;Vireda By 28;;;
207885;;2020-08-05 11:17:05;0,00;FNI;0,00;Vireda By Aspelund 17;;;
148254;;2020-08-06 07:37:03;0,00;FNI;0,00;Gisebo 34;;;
131923;;2020-08-06 07:37:13;0,00;FNI;0,00;Vistakullevägen 231;;;
131997;;2020-08-06 07:47:26;0,00;FNI;0,00;Rudu 4;;;
132036;;2020-08-06 08:32:32;0,00;FNI;0,00;Ed 24 , Ekhöjden;;;
174419;;2020-08-06 10:06:16;0,00;FNI;0,00;Sandvik 1;;;
148421;;2020-08-06 10:27:47;0,00;FNI;0,00;Vistakullevägen 186;;;
148412;;2020-08-06 10:29:13;0,00;FNI;0,00;Sjöhagabacken 17;;;
148408;;2020-08-06 10:29:14;0,00;FNI;0,00;Sjöhagabacken 19;;;
152228;;2020-08-06 10:29:15;0,00;FNI;0,00;Sjöhagabacken 21;;;
148404;;2020-08-06 10:29:16;0,00;FNI;0,00;Sjöhagabacken 31;;;
147599;;2020-08-07 09:15:41;0,00;FNI;0,00;Gestra 20;;;
147449;;2020-08-07 09:49:18;0,00;FNI;0,00;Edet Ekenäs 3;;;
148209;;2020-08-07 10:00:51;0,00;FNI;0,00;Vistakullevägen 80;;;
148571;;2020-08-07 10:30:14;0,00;FNI;0,00;Ängsbergsstigen 1;;;
138123;;2020-08-07 13:08:57;0,00;FNI;0,00;Kikstorp 1;;;
;;;;;;;;∑ Mängd: ;0,00
;;;;;;;;∑ Antal:;39
Gruppering sker på fordon:;543; och avvikelsetyp:;Tagg ej läst;;;;;;
Tjänstnr;Anmärkning;Datum Tid;Mängd;Förare;Mängd;Adress;;;
207348;;2020-08-03 07:01:21;0,00;FNI;0,00;Traversvägen 4;;;
208325;;2020-08-03 07:01:39;0,00;FNI;0,00;Traversvägen 2;;;
208303;;2020-08-03 07:02:53;0,00;FNI;0,00;Traversvägen 15;;;
120214;;2020-08-03 08:41:48;0,00;FNI;0,00;Kullavägen 3;;;
120224;;2020-08-03 08:54:00;0,00;FNI;0,00;Villavägen 15;;;
120242;;2020-08-03 08:54:13;0,00;FNI;0,00;Villavägen 14;;;
207439;;2020-08-03 08:55:03;0,00;FNI;0,00;Villavägen 8;;;
120210;;2020-08-03 09:39:44;0,00;FNI;0,00;Smörviksvägen 2 A;;;
119911;;2020-08-03 11:59:03;0,00;FNI;0,00;Backsippsstigen 18;;;
119948;;2020-08-03 11:59:24;0,00;FNI;0,00;Backsippsstigen 21;;;
118973;;2020-08-04 07:32:59;0,00;FNI;0,00;Palmbergsvägen 5;;;
119699;;2020-08-04 08:24:05;0,00;FNI;0,00;Tulpanstigen 5;;;
119639;;2020-08-04 08:57:07;0,00;FNI;0,00;Hyacintstigen 17;;;
119005;;2020-08-04 10:07:02;0,00;FNI;0,00;Tollsängsvägen 15;;;
119003;;2020-08-04 10:07:04;0,00;FNI;0,00;Tollsängsvägen 17;;;
119027;;2020-08-04 10:08:02;0,00;FNI;0,00;Taklasvägen 12;;;
118995;;2020-08-04 10:19:14;0,00;FNI;0,00;Stentorgsgatan 13 A;;;
144702;;2020-08-04 10:19:18;0,00;FNI;0,00;Stentorgsgatan 9;;;
119050;;2020-08-04 10:19:20;0,00;FNI;0,00;Stentorgsgatan 5;;;
119259;;2020-08-04 10:21:48;0,00;FNI;0,00;Junegatan 10;;;
119218;;2020-08-05 07:31:41;0,00;FNI;0,00;Tahevägen 15;;;
119372;;2020-08-05 08:27:29;0,00;FNI;0,00;Malmgatan 48;;;
118900;;2020-08-05 09:12:31;0,00;FNI;0,00;Källgatan 17;;;
118902;;2020-08-05 10:42:16;0,00;FNI;0,00;Bergvägen 9;;;
118935;;2020-08-05 11:31:50;0,00;FNI;0,00;Åvägen 4;;;
197228;;2020-08-05 11:58:08;0,00;FNI;0,00;Ågatan 30;;;
152659;;2020-08-06 06:59:38;0,00;FNI;0,00;Spånbergsvägen 5 B;;;
118343;;2020-08-06 08:16:59;0,00;FNI;0,00;Parkvägen 19;;;
118287;;2020-08-06 08:35:19;0,00;FNI;0,00;Bråtenvägen 10;;;
118519;;2020-08-06 08:54:36;0,00;FNI;0,00;Åkervägen 24;;;
118511;;2020-08-06 08:54:37;0,00;FNI;0,00;Åkervägen 25;;;
118457;;2020-08-06 10:05:50;0,00;FNI;0,00;Åsastigen 26;;;
118647;;2020-08-06 10:53:30;0,00;FNI;0,00;Norra Vägen 11;;;
197533;;2020-08-06 11:34:46;0,00;FNI;0,00;Gruvvägen 5;;;
118148;;2020-08-06 11:39:01;0,00;FNI;0,00;Gruvvägen 5;;;
118231;;2020-08-06 11:44:29;0,00;FNI;0,00;Överåsliden 6;;;
118239;;2020-08-06 11:45:37;0,00;FNI;0,00;Överåsliden 8;;;
116147;;2020-08-07 07:01:27;0,00;FNI;0,00;Kolaregatan 3;;;
116123;;2020-08-07 07:17:07;0,00;FNI;0,00;Västermogatan 2;;;
116121;;2020-08-07 07:17:10;0,00;FNI;0,00;Kolaregatan 16;;;
116687;;2020-08-07 07:42:30;0,00;FNI;0,00;Knipphammargatan 14;;;
116553;;2020-08-07 07:56:41;0,00;FNI;0,00;Parkvägen 4;;;
116561;;2020-08-07 08:02:46;0,00;FNI;0,00;Lillåsavägen 1;;;
116591;;2020-08-07 08:13:06;0,00;FNI;0,00;Vattenvägen 16;;;
116619;;2020-08-07 09:00:22;0,00;FNI;0,00;Åsavallgatan 7;;;
116301;;2020-08-07 10:28:24;0,00;FNI;0,00;Idevägen 2;;;
116267;;2020-08-07 10:38:13;0,00;FNI;0,00;Löjtnantsvägen 26;;;
116395;;2020-08-07 11:03:58;0,00;FNI;0,00;Söderåsvägen 22;;;
116505;;2020-08-07 11:40:02;0,00;FNI;0,00;Björkhultsgatan 4;;;
116505;;2020-08-07 11:40:16;0,00;FNI;0,00;Björkhultsgatan 4;;;
116505;;2020-08-07 11:41:00;0,00;FNI;0,00;Björkhultsgatan 4;;;
116501;;2020-08-07 11:46:45;0,00;FNI;0,00;Björkhultsgatan 5;;;
116537;;2020-08-07 12:03:54;0,00;FNI;0,00;Bergholmsvägen 10;;;
;;;;;;;;∑ Mängd: ;0,00
;;;;;;;;∑ Antal:;53
Gruppering sker på fordon:;544; och avvikelsetyp:;Tagg ej läst;;;;;;
Tjänstnr;Anmärkning;Datum Tid;Mängd;Förare;Mängd;Adress;;;
194796;;2020-08-03 10:20:59;0,00;FNI;0,00;Brännåsen 7;;;
194791;;2020-08-03 10:22:04;0,00;FNI;0,00;Brännåsen 5;;;
194847;;2020-08-03 10:31:38;0,00;FNI;0,00;Sjöbol 2;;;
194847;;2020-08-03 10:31:42;0,00;FNI;0,00;Sjöbol 2;;;
194857;;2020-08-03 10:40:14;0,00;FNI;0,00;Ängen 4;;;
193026;;2020-08-05 07:47:09;0,00;FNI;0,00;Hökesjön 10;;;
195191;;2020-08-05 08:02:36;0,00;FNI;0,00;Holmen 9;;;
207861;;2020-08-05 10:29:51;0,00;FNI;0,00;Hästbråten Mosseslätt 1;;;
187578;;2020-08-06 09:11:16;0,00;FNI;0,00;Dintestorp Boarpsslätten;;;
200224;;2020-08-06 09:31:19;0,00;FNI;0,00;Nedre Eket 1;;;
187585;;2020-08-06 10:48:07;0,00;FNI;0,00;Grimstorp Nyborg;;;
187400;;2020-08-06 10:51:42;0,00;FNI;0,00;Grimstorp Rosenberg 1;;;
193123;;2020-08-07 07:31:57;0,00;FNI;0,00;Nolhagen;;;
195564;;2020-08-07 07:41:24;0,00;FNI;0,00;Österlid 6;;;
;;;;;;;;∑ Mängd: ;0,00
;;;;;;;;∑ Antal:;14
Gruppering sker på fordon:;545; och avvikelsetyp:;Tagg ej läst;;;;;;
Tjänstnr;Anmärkning;Datum Tid;Mängd;Förare;Mängd;Adress;;;
194376;;2020-08-04 07:13:03;0,00;FNI;0,00;Bagaregatan 62;;;
194434;;2020-08-04 08:41:50;0,00;FNI;0,00;Gärdesgatan 12;;;
194502;;2020-08-04 08:54:45;0,00;FNI;0,00;Kärrsvägen 74;;;
192434;;2020-08-04 10:06:45;0,00;FNI;0,00;Lundgatan 136;;;
192413;;2020-08-04 10:21:26;0,00;FNI;0,00;Lundgatan 105;;;
192414;;2020-08-04 10:21:28;0,00;FNI;0,00;Lundgatan 110;;;
192418;;2020-08-04 10:39:16;0,00;FNI;0,00;Lundgatan 114;;;
185475;;2020-08-07 07:32:01;0,00;FNI;0,00;Falköpingsvägen 11;;;
185455;;2020-08-07 07:48:46;0,00;FNI;0,00;Falköpingsvägen 22;;;
186644;;2020-08-07 08:24:47;0,00;FNI;0,00;Falköpingsvägen 11;;;
;;;;;;;;∑ Mängd: ;0,00
;;;;;;;;∑ Antal:;10
Gruppering sker på fordon:;546; och avvikelsetyp:;Tagg ej läst;;;;;;
Tjänstnr;Anmärkning;Datum Tid;Mängd;Förare;Mängd;Adress;;;
177654;;2020-08-03 06:52:04;0,00;FNI;0,00;Väpplingstigen 75;;;
162970;;2020-08-03 06:55:45;0,00;FNI;0,00;Väpplingstigen 53;;;
162955;;2020-08-03 07:00:51;0,00;FNI;0,00;Väpplingstigen 79;;;
205812;;2020-08-03 07:15:54;0,00;FNI;0,00;Väpplingstigen 129;;;
162938;;2020-08-03 07:55:18;0,00;FNI;0,00;Backsippsstigen 17;;;
208304;;2020-08-03 08:33:43;0,00;FNI;0,00;Traversvägen 15;;;
163003;;2020-08-03 10:45:01;0,00;FNI;0,00;Vibovägen 5;;;
163003;;2020-08-03 10:45:11;0,00;FNI;0,00;Vibovägen 5;;;
163003;;2020-08-03 10:45:19;0,00;FNI;0,00;Vibovägen 5;;;
163000;;2020-08-03 10:45:29;0,00;FNI;0,00;Vibovägen 6;;;
164582;;2020-08-03 10:54:08;0,00;FNI;0,00;Bondstorpsvägen 2;;;
164582;;2020-08-03 10:54:15;0,00;FNI;0,00;Bondstorpsvägen 2;;;
163058;;2020-08-03 11:30:14;0,00;FNI;0,00;Smörviksvägen 2 A;;;
163048;;2020-08-03 11:34:46;0,00;FNI;0,00;Bondstorpsvägen 21 B;;;
163038;;2020-08-03 11:57:50;0,00;FNI;0,00;Källåsavägen 29;;;
163039;;2020-08-03 11:58:59;0,00;FNI;0,00;Källåsavägen 31;;;
163034;;2020-08-03 11:59:45;0,00;FNI;0,00;Källåsavägen 23;;;
174113;;2020-08-03 12:00:26;0,00;FNI;0,00;Källåsavägen 14;;;
162998;;2020-08-03 12:00:43;0,00;FNI;0,00;Hernbergsvägen 10;;;
163029;;2020-08-03 12:39:41;0,00;FNI;0,00;Bondstorpsvägen 3;;;
200452;;2020-08-04 10:55:59;0,00;FNI;0,00;Ringvägen 14;;;
200452;;2020-08-04 10:57:27;0,00;FNI;0,00;Ringvägen 14;;;
163180;;2020-08-04 11:16:20;0,00;FNI;0,00;Tulpanstigen 10;;;
200452;;2020-08-04 11:40:51;0,00;FNI;0,00;Ringvägen 14;;;
163156;;2020-08-04 12:41:19;0,00;FNI;0,00;Ringvägen 37;;;
163163;;2020-08-04 12:41:20;0,00;FNI;0,00;Ringvägen 19;;;
206655;;2020-08-06 06:37:32;0,00;FNI;0,00;Smålandsgatan 4;;;
207489;;2020-08-06 07:14:15;0,00;FNI;0,00;Överåsliden 12;;;
157651;;2020-08-07 09:29:19;0,00;FNI;0,00;Rådjursvägen 4;;;
169280;;2020-08-07 10:39:52;0,00;FNI;0,00;Sjögatan 16;;;
164475;;2020-08-07 10:40:38;0,00;FNI;0,00;Rådjursvägen 6;;;
;;;;;;;;∑ Mängd: ;0,00
;;;;;;;;∑ Antal:;31
Gruppering sker på fordon:;547; och avvikelsetyp:;Tagg ej läst;;;;;;
Tjänstnr;Anmärkning;Datum Tid;Mängd;Förare;Mängd;Adress;;;
104226;;2020-08-03 07:28:00;0,00;FNI;0,00;Per Hörbergs Väg 9;;;
105816;;2020-08-04 07:53:24;0,00;FNI;0,00;Hisingsängen 83;;;
104499;;2020-08-04 10:22:38;0,00;FNI;0,00;Anders Spolegatan 5;;;
104954;;2020-08-04 10:32:13;0,00;FNI;0,00;Teleskopgatan 4;;;
104958;;2020-08-04 10:32:14;0,00;FNI;0,00;Teleskopgatan 8;;;
104982;;2020-08-04 10:39:23;0,00;FNI;0,00;Reflektorgatan 6;;;
178510;;2020-08-04 10:39:25;0,00;FNI;0,00;Björnebergsvägen 49 A;;;
104793;;2020-08-04 10:39:25;0,00;FNI;0,00;Swedenborgsgatan 64 B;;;
105010;;2020-08-04 10:39:26;0,00;FNI;0,00;Astronomgatan 8;;;
104994;;2020-08-04 10:39:27;0,00;FNI;0,00;Astronomgatan 9;;;
155308;;2020-08-04 10:39:28;0,00;FNI;0,00;Björnebergsvägen 1;;;
104728;;2020-08-05 06:34:18;0,00;FNI;0,00;Björnebergsvägen 14 B;;;
162261;;2020-08-05 06:34:30;0,00;FNI;0,00;Björnebergsvägen 6 A;;;
105169;;2020-08-05 06:48:43;0,00;FNI;0,00;Linsgatan 5;;;
105153;;2020-08-05 06:54:36;0,00;FNI;0,00;Brinkgatan 13;;;
105141;;2020-08-05 06:54:54;0,00;FNI;0,00;Brinkgatan 4;;;
105523;;2020-08-05 08:11:34;0,00;FNI;0,00;Carl Thunbergs Väg 1;;;
105580;;2020-08-05 08:11:36;0,00;FNI;0,00;Carl Thunbergs Väg 2;;;
105525;;2020-08-05 08:11:39;0,00;FNI;0,00;Carl Thunbergs Väg 3;;;
128440;;2020-08-06 06:38:13;0,00;FNI;0,00;Trånghallavägen 6 B;;;
128405;;2020-08-06 06:41:25;0,00;FNI;0,00;Hallavägen 7 B;;;
128711;;2020-08-06 07:02:55;0,00;FNI;0,00;Parkvägen 14;;;
128874;;2020-08-06 08:08:01;0,00;FNI;0,00;Vättervägen 12;;;
128885;;2020-08-06 08:08:06;0,00;FNI;0,00;Vättervägen 18;;;
105664;;2020-08-06 09:11:25;0,00;FNI;0,00;Trollebogatan 1;;;
134316;;2020-08-06 09:11:31;0,00;FNI;0,00;Sjöhagsvägen 8;;;
142189;;2020-08-06 10:49:25;0,00;FNI;0,00;Åbolidsringen 103;;;
207029;;2020-08-06 10:56:08;0,00;FNI;0,00;Västra Strandpromenaden 3;;;
105911;;2020-08-06 11:10:03;0,00;FNI;0,00;Åboslättsgatan 15;;;
105951;;2020-08-06 11:10:57;0,00;FNI;0,00;Åbolidsringen 71;;;
105947;;2020-08-06 11:11:10;0,00;FNI;0,00;Åbolidsringen 69;;;
143069;;2020-08-06 11:12:00;0,00;FNI;0,00;Åbolidsringen 10;;;
134321;;2020-08-06 12:14:32;0,00;FNI;0,00;Lundevägen 3;;;
128988;;2020-08-06 12:14:34;0,00;FNI;0,00;Sjöbovägen 4;;;
134333;;2020-08-06 12:14:35;0,00;FNI;0,00;Sjöbovägen 12;;;
128546;;2020-08-07 06:37:09;0,00;FNI;0,00;Trånghallavägen 60;;;
128579;;2020-08-07 07:19:48;0,00;FNI;0,00;Klevstugevägen 5;;;
128652;;2020-08-07 07:48:56;0,00;FNI;0,00;Myrvägen 16;;;
154702;;2020-08-07 09:30:44;0,00;FNI;0,00;Halmvägen 2;;;
128709;;2020-08-07 09:30:59;0,00;FNI;0,00;Parkvägen 15;;;
133644;;2020-08-07 13:13:19;0,00;FNI;0,00;Kortebovägen 148;;;
;;;;;;;;∑ Mängd: ;0,00
;;;;;;;;∑ Antal:;41
Gruppering sker på fordon:;554; och avvikelsetyp:;Tagg ej läst;;;;;;
Tjänstnr;Anmärkning;Datum Tid;Mängd;Förare;Mängd;Adress;;;
157158;;2020-08-04 12:24:44;0,00;FRP;0,00;Mellangatan 12;;;
157158;;2020-08-04 12:25:19;0,00;FRP;0,00;Mellangatan 12;;;
;;;;;;;;∑ Mängd: ;0,00
;;;;;;;;∑ Antal:;2
Gruppering sker på fordon:;555; och avvikelsetyp:;Tagg ej läst;;;;;;
Tjänstnr;Anmärkning;Datum Tid;Mängd;Förare;Mängd;Adress;;;
141055;;2020-08-03 06:16:28;0,00;FRP;0,00;Lovisagatan 153;;;
173864;;2020-08-03 06:16:34;0,00;FRP;0,00;Lovisagatan 153;;;
180729;;2020-08-03 06:24:26;0,00;FRP;0,00;Sjögatan;;;
153495;;2020-08-03 06:54:14;0,00;FRP;0,00;Trädgårdsgatan 6/ Pitschers;;;
155390;;2020-08-03 06:57:55;0,00;FRP;0,00;Skolgatan 12 Murphys;;;
162480;;2020-08-03 07:04:14;0,00;FRP;0,00;Hoppets Torg 5;;;
162480;;2020-08-03 07:04:15;0,00;FRP;0,00;Hoppets Torg 5;;;
140689;;2020-08-03 07:12:33;0,00;FRP;0,00;Hamnparken 1;;;
156717;;2020-08-03 07:20:59;0,00;FRP;0,00;Hamnpiren;;;
200090;;2020-08-03 07:29:13;0,00;FRP;0,00;Östra Storgatan 3;;;
168602;;2020-08-03 07:37:46;0,00;FRP;0,00;Östra Storgatan 82;;;
164718;;2020-08-03 07:43:42;0,00;FRP;0,00;Hovrättstorget 4;;;
140280;;2020-08-03 07:54:26;0,00;FRP;0,00;Södra Strandgatan 15;;;
171895;;2020-08-03 07:58:25;0,00;FRP;0,00;Lillsjöplan 6-10;;;
171895;;2020-08-03 07:58:25;0,00;FRP;0,00;Lillsjöplan 6-10;;;
171895;;2020-08-03 07:58:25;0,00;FRP;0,00;Lillsjöplan 6-10;;;
171895;;2020-08-03 07:58:26;0,00;FRP;0,00;Lillsjöplan 6-10;;;
171895;;2020-08-03 07:58:26;0,00;FRP;0,00;Lillsjöplan 6-10;;;
171895;;2020-08-03 07:58:27;0,00;FRP;0,00;Lillsjöplan 6-10;;;
152344;;2020-08-03 08:08:00;0,00;FRP;0,00;A6 Center Norra Kajen;;;
152344;;2020-08-03 08:08:01;0,00;FRP;0,00;A6 Center Norra Kajen;;;
152344;;2020-08-03 08:08:01;0,00;FRP;0,00;A6 Center Norra Kajen;;;
152344;;2020-08-03 08:08:01;0,00;FRP;0,00;A6 Center Norra Kajen;;;
152344;;2020-08-03 08:08:02;0,00;FRP;0,00;A6 Center Norra Kajen;;;
152344;;2020-08-03 08:08:02;0,00;FRP;0,00;A6 Center Norra Kajen;;;
172356;;2020-08-03 08:10:24;0,00;FRP;0,00;Sjukhusgatan 8;;;
172356;;2020-08-03 08:10:24;0,00;FRP;0,00;Sjukhusgatan 8;;;
132498;;2020-08-03 08:45:18;0,00;FRP;0,00;Murgrönsgatan 1 - 25;;;
207385;;2020-08-03 08:49:32;0,00;FRP;0,00;Huskvarnavägen 48;;;
179823;;2020-08-03 08:52:28;0,00;FRP;0,00;Stensholmsvägen 20;;;
179823;;2020-08-03 08:52:29;0,00;FRP;0,00;Stensholmsvägen 20;;;
180738;;2020-08-03 09:05:29;0,00;FRP;0,00;Hagstensgatan 1 A;;;
136714;;2020-08-03 10:12:21;0,00;FRP;0,00;Gyllene Uttern 1;;;
180135;;2020-08-03 10:41:50;0,00;FRP;0,00;Hamnen Gränna P-Plats;;;
205694;;2020-08-03 10:49:08;0,00;FRP;0,00;Sjögatan 46;;;
152449;;2020-08-03 11:59:25;0,00;FRP;0,00;A6 Center  Östra Kajen;;;
152449;;2020-08-03 11:59:26;0,00;FRP;0,00;A6 Center  Östra Kajen;;;
152449;;2020-08-03 11:59:26;0,00;FRP;0,00;A6 Center  Östra Kajen;;;
152449;;2020-08-03 11:59:27;0,00;FRP;0,00;A6 Center  Östra Kajen;;;
152449;;2020-08-03 11:59:28;0,00;FRP;0,00;A6 Center  Östra Kajen;;;
152449;;2020-08-03 11:59:28;0,00;FRP;0,00;A6 Center  Östra Kajen;;;
152449;;2020-08-03 11:59:29;0,00;FRP;0,00;A6 Center  Östra Kajen;;;
152449;;2020-08-03 11:59:30;0,00;FRP;0,00;A6 Center  Östra Kajen;;;
152449;;2020-08-03 11:59:30;0,00;FRP;0,00;A6 Center  Östra Kajen;;;
152449;;2020-08-03 11:59:31;0,00;FRP;0,00;A6 Center  Östra Kajen;;;
200161;;2020-08-03 11:59:34;0,00;FRP;0,00;Grännavägen 35;;;
206906;;2020-08-05 06:20:27;0,00;FRP;0,00;Igelkottsvägen 14;;;
206906;;2020-08-05 06:20:27;0,00;FRP;0,00;Igelkottsvägen 14;;;
142360;;2020-08-05 06:24:12;0,00;FRP;0,00;Strömsbergsvägen 93;;;
152814;;2020-08-05 06:47:10;0,00;FRP;0,00;Västra Holmgatan 25;;;
172260;;2020-08-05 06:59:09;0,00;FRP;0,00;Fiskargränd 3;;;
172260;;2020-08-05 06:59:09;0,00;FRP;0,00;Fiskargränd 3;;;
155450;;2020-08-05 06:59:10;0,00;FRP;0,00;Pollaregatan 1-7;;;
205451;;2020-08-05 07:09:06;0,00;FRP;0,00;Södra Strandgatan 12;;;
132365;;2020-08-05 07:23:55;0,00;FRP;0,00;Smedjegatan 7;;;
162480;;2020-08-05 07:23:55;0,00;FRP;0,00;Hoppets Torg 5;;;
162480;;2020-08-05 07:23:56;0,00;FRP;0,00;Hoppets Torg 5;;;
156717;;2020-08-05 07:46:31;0,00;FRP;0,00;Hamnpiren;;;
141633;;2020-08-05 07:58:01;0,00;FRP;0,00;Norra Strandgatan 26-30;;;
173865;;2020-08-05 07:58:01;0,00;FRP;0,00;Norra Strandgatan 26-30;;;
157204;;2020-08-05 07:58:12;0,00;FRP;0,00;Östra Storgatan 85 D;;;
157204;;2020-08-05 07:58:12;0,00;FRP;0,00;Östra Storgatan 85 D;;;
158509;;2020-08-05 08:02:24;0,00;FRP;0,00;Rökerigränd 1-5;;;
158509;;2020-08-05 08:02:24;0,00;FRP;0,00;Rökerigränd 1-5;;;
171895;;2020-08-05 08:15:56;0,00;FRP;0,00;Lillsjöplan 6-10;;;
171895;;2020-08-05 08:15:56;0,00;FRP;0,00;Lillsjöplan 6-10;;;
171895;;2020-08-05 08:15:56;0,00;FRP;0,00;Lillsjöplan 6-10;;;
171895;;2020-08-05 08:15:57;0,00;FRP;0,00;Lillsjöplan 6-10;;;
152344;;2020-08-05 08:16:05;0,00;FRP;0,00;A6 Center Norra Kajen;;;
152344;;2020-08-05 08:16:05;0,00;FRP;0,00;A6 Center Norra Kajen;;;
152344;;2020-08-05 08:16:05;0,00;FRP;0,00;A6 Center Norra Kajen;;;
152344;;2020-08-05 08:16:05;0,00;FRP;0,00;A6 Center Norra Kajen;;;
152344;;2020-08-05 08:16:06;0,00;FRP;0,00;A6 Center Norra Kajen;;;
152344;;2020-08-05 08:16:06;0,00;FRP;0,00;A6 Center Norra Kajen;;;
156557;;2020-08-05 08:25:14;0,00;FRP;0,00;Bataljonsgatan 2;;;
156557;;2020-08-05 08:25:15;0,00;FRP;0,00;Bataljonsgatan 2;;;
156557;;2020-08-05 08:25:15;0,00;FRP;0,00;Bataljonsgatan 2;;;
100057;;2020-08-05 08:55:46;0,00;FRP;0,00;Lillgatan 42-44;;;
140859;;2020-08-05 08:59:53;0,00;FRP;0,00;Husargatan 2;;;
140230;;2020-08-05 09:17:49;0,00;FRP;0,00;Ekhagsringen 28;;;
140227;;2020-08-05 09:17:49;0,00;FRP;0,00;Ekhagsringen 16;;;
153875;;2020-08-05 09:17:51;0,00;FRP;0,00;Salviavägen 6;;;
142658;;2020-08-05 09:21:44;0,00;FRP;0,00;Vildvinsbacken 9;;;
140830;;2020-08-05 09:21:45;0,00;FRP;0,00;Hermansvägen 104;;;
197158;;2020-08-05 09:21:58;0,00;FRP;0,00;Datorgatan 1;;;
204131;;2020-08-05 09:21:59;0,00;FRP;0,00;Datorgatan 4;;;
179937;;2020-08-05 09:34:58;0,00;FRP;0,00;Rumlaborgsgatan 5;;;
179937;;2020-08-05 09:34:59;0,00;FRP;0,00;Rumlaborgsgatan 5;;;
132916;;2020-08-05 09:34:59;0,00;FRP;0,00;Örngatan 1;;;
132916;;2020-08-05 09:35:00;0,00;FRP;0,00;Örngatan 1;;;
179612;;2020-08-05 09:53:29;0,00;FRP;0,00;Gillesgatan 8;;;
179612;;2020-08-05 09:53:30;0,00;FRP;0,00;Gillesgatan 8;;;
138444;;2020-08-05 09:53:30;0,00;FRP;0,00;Linnegatan 2;;;
138444;;2020-08-05 09:53:31;0,00;FRP;0,00;Linnegatan 2;;;
180945;;2020-08-05 09:53:31;0,00;FRP;0,00;Drottninggatan 19;;;
197264;;2020-08-05 09:53:32;0,00;FRP;0,00;Erik Dahlbergsgatan 28;;;
197264;;2020-08-05 09:53:32;0,00;FRP;0,00;Erik Dahlbergsgatan 28;;;
138963;;2020-08-05 09:53:33;0,00;FRP;0,00;Rosenborgsgatan 28;;;
204489;;2020-08-05 10:34:52;0,00;FRP;0,00;Verkstadsvägen 37 -53;;;
204489;;2020-08-05 10:35:10;0,00;FRP;0,00;Verkstadsvägen 37 -53;;;
134510;;2020-08-05 10:56:44;0,00;FRP;0,00;Vilans Väg 1;;;
;;;;;;;;∑ Mängd: ;0,00
;;;;;;;;∑ Antal:;101
Gruppering sker på fordon:;556; och avvikelsetyp:;Tagg ej läst;;;;;;
Tjänstnr;Anmärkning;Datum Tid;Mängd;Förare;Mängd;Adress;;;
204918;;2020-08-03 07:12:10;0,00;FNI;0,00;Skyttevägen 1 A;;;
204919;;2020-08-03 07:12:11;0,00;FNI;0,00;Skyttevägen 1 A;;;
193597;;2020-08-03 07:12:12;0,00;FNI;0,00;Skyttevägen 1 A;;;
195898;;2020-08-03 07:26:25;0,00;FNI;0,00;Onkel Adams Väg 11-21 A-D;;;
193405;;2020-08-03 07:55:12;0,00;FNI;0,00;Bränningegatan 4;;;
208389;;2020-08-03 08:49:28;0,00;FNI;0,00;Munkaskogsvägen 2 F;;;
208390;;2020-08-03 08:49:44;0,00;FNI;0,00;Munkaskogsvägen 2 F;;;
204917;;2020-08-03 09:12:02;0,00;FNI;0,00;Skyttevägen 1 B;;;
192988;;2020-08-03 09:12:04;0,00;FNI;0,00;Skyttevägen 1 B;;;
204524;;2020-08-03 09:12:05;0,00;FNI;0,00;Onkel Adams Väg 11 -21 A-D;;;
207374;;2020-08-03 09:46:19;0,00;FNI;0,00;Luxvägen 15 -29;;;
207373;;2020-08-03 09:46:20;0,00;FNI;0,00;Luxvägen 15-29;;;
207386;;2020-08-03 09:46:22;0,00;FNI;0,00;Åkervägen 5 -13;;;
191872;;2020-08-03 09:53:16;0,00;FNI;0,00;Luxvägen 18-24;;;
192973;;2020-08-03 12:51:22;0,00;FNI;0,00;Bränningegatan 6 -8;;;
204523;;2020-08-03 12:51:23;0,00;FNI;0,00;Bränningegatan 6 -8;;;
193975;;2020-08-03 12:51:30;0,00;FNI;0,00;Blåmesgatan 7;;;
205884;;2020-08-03 12:51:52;0,00;FNI;0,00;Svedgatan 17;;;
204565;;2020-08-03 12:52:08;0,00;FNI;0,00;Björnbärsgränd 7 -17;;;
208504;;2020-08-03 12:52:14;0,00;FNI;0,00;Rödån Kiosken 1;;;
195670;;2020-08-03 13:03:25;0,00;FNI;0,00;Kyrkbyn Församlingshemmet 1;;;
183392;;2020-08-04 07:00:26;0,00;FNI;0,00;Habblahester 1;;;
183933;;2020-08-04 07:22:09;0,00;FNI;0,00;Strandvägen 8;;;
199783;;2020-08-04 08:03:35;0,00;FNI;0,00;Ängsg 1, Klockargårdsg 2, Kyrkv 14;;;
181952;;2020-08-04 08:03:49;0,00;FNI;0,00;Kyrkvägen 9;;;
205298;;2020-08-04 08:30:38;0,00;FNI;0,00;Kyrkvägen 12;;;
182966;;2020-08-04 08:30:40;0,00;FNI;0,00;Kyrkvägen 12;;;
205299;;2020-08-04 08:30:41;0,00;FNI;0,00;Kyrkvägen 12;;;
204023;;2020-08-04 08:36:50;0,00;FNI;0,00;Kyrkvägen 3 -5;;;
199777;;2020-08-04 08:36:51;0,00;FNI;0,00;Kyrkvägen 3 -5;;;
208030;;2020-08-04 08:37:05;0,00;FNI;0,00;Tornaryd 1;;;
207235;;2020-08-04 08:37:18;0,00;FNI;0,00;Kyrkvägen 10 A-C;;;
200108;;2020-08-04 08:37:20;0,00;FNI;0,00;Kyrkvägen 14 A;;;
200823;;2020-08-04 08:37:21;0,00;FNI;0,00;Torestorpsleden;;;
183675;;2020-08-04 08:37:36;0,00;FNI;0,00;Järnvägsgatan 27;;;
205235;;2020-08-04 08:46:46;0,00;FNI;0,00;Järnvägsgatan 7;;;
183965;;2020-08-04 09:08:40;0,00;FNI;0,00;Parkvägen 3 K, Vid Gaveln;;;
205440;;2020-08-04 09:23:49;0,00;FNI;0,00;Skolgatan 25;;;
200808;;2020-08-04 09:23:50;0,00;FNI;0,00;Skolgatan 23, Tidaholmsvägen 21;;;
207237;;2020-08-04 10:01:01;0,00;FNI;0,00;Tunnelgatan 8 -10;;;
200212;;2020-08-04 10:21:18;0,00;FNI;0,00;Tallgatan 35;;;
200213;;2020-08-04 10:21:21;0,00;FNI;0,00;Tallgatan 35;;;
183678;;2020-08-04 10:21:22;0,00;FNI;0,00;Tallgatan 35;;;
206873;;2020-08-04 10:21:27;0,00;FNI;0,00;Lärkgatan 2 - 54;;;
207422;;2020-08-04 10:21:28;0,00;FNI;0,00;Lärkgatan 2 - 54;;;
183935;;2020-08-04 10:21:29;0,00;FNI;0,00;Lärkgatan 2 - 54;;;
208101;;2020-08-04 10:42:32;0,00;FNI;0,00;Falkgatan 10;;;
208100;;2020-08-04 10:43:00;0,00;FNI;0,00;Falkgatan 10;;;
197873;;2020-08-04 10:56:50;0,00;FNI;0,00;Duvgatan 5 -9;;;
182926;;2020-08-04 11:20:52;0,00;FNI;0,00;Grindgatan 4 -26;;;
199765;;2020-08-04 11:20:53;0,00;FNI;0,00;Grindgatan 4 -26;;;
183674;;2020-08-04 11:47:20;0,00;FNI;0,00;Gunnarsbovägen 33;;;
183674;;2020-08-04 11:47:20;0,00;FNI;0,00;Gunnarsbovägen 33;;;
207367;;2020-08-04 11:54:48;0,00;FNI;0,00;Skolgatan 8 H;;;
207367;;2020-08-04 11:54:48;0,00;FNI;0,00;Skolgatan 8 H;;;
200817;;2020-08-04 11:54:48;0,00;FNI;0,00;Skolgatan 8 H;;;
200817;;2020-08-04 11:54:49;0,00;FNI;0,00;Skolgatan 8 H;;;
207389;;2020-08-04 12:04:35;0,00;FNI;0,00;Ängsgatan 1;;;
207390;;2020-08-04 12:04:35;0,00;FNI;0,00;Ängsgatan 1;;;
199796;;2020-08-04 12:04:41;0,00;FNI;0,00;Syrénstigen 57 -67;;;
207388;;2020-08-04 12:04:42;0,00;FNI;0,00;Grindgatan 4 -26;;;
184769;;2020-08-04 12:04:44;0,00;FNI;0,00;Gunnarsbovägen 35;;;
181907;;2020-08-04 12:05:49;0,00;FNI;0,00;Häggstigen 13;;;
183944;;2020-08-04 12:06:04;0,00;FNI;0,00;Stallgatan 2;;;
200864;;2020-08-04 12:06:12;0,00;FNI;0,00;Järnvägsgatan 11;;;
199800;;2020-08-04 12:06:14;0,00;FNI;0,00;Sagers Väg 6 - 8;;;
182931;;2020-08-04 12:06:18;0,00;FNI;0,00;Sagers Väg 4;;;
182931;;2020-08-04 12:06:19;0,00;FNI;0,00;Sagers Väg 4;;;
182931;;2020-08-04 12:06:21;0,00;FNI;0,00;Sagers Väg 4;;;
199767;;2020-08-04 12:06:22;0,00;FNI;0,00;Sagers Väg 4;;;
205297;;2020-08-04 12:06:26;0,00;FNI;0,00;Nykyrkevägen 1;;;
182934;;2020-08-04 12:06:27;0,00;FNI;0,00;Tunnelgatan 6 A-B;;;
207424;;2020-08-04 12:49:24;0,00;FNI;0,00;Hökgatan 1 -10;;;
199780;;2020-08-04 12:49:26;0,00;FNI;0,00;Hökgatan 11 -17;;;
183664;;2020-08-05 07:24:02;0,00;FNI;0,00;Stråkenvägen 3;;;
183665;;2020-08-05 07:24:10;0,00;FNI;0,00;Stråkenvägen 7;;;
191776;;2020-08-05 07:52:03;0,00;FNI;0,00;Kvillvägen 3;;;
195884;;2020-08-05 08:14:21;0,00;FNI;0,00;Industrigatan 16;;;
195891;;2020-08-05 08:24:08;0,00;FNI;0,00;Industrigatan 14;;;
195885;;2020-08-05 08:24:10;0,00;FNI;0,00;Industrigatan 18;;;
205277;;2020-08-05 08:24:11;0,00;FNI;0,00;Industrigatan 18;;;
205280;;2020-08-05 08:24:12;0,00;FNI;0,00;Industrigatan 22;;;
195886;;2020-08-05 08:24:13;0,00;FNI;0,00;Industrigatan 22;;;
207350;;2020-08-05 08:24:14;0,00;FNI;0,00;Industrigatan 24;;;
192644;;2020-08-05 08:24:15;0,00;FNI;0,00;Kråkerydsvägen 1;;;
206709;;2020-08-05 08:46:59;0,00;FNI;0,00;Elektrikergatan 7;;;
194409;;2020-08-05 08:53:17;0,00;FNI;0,00;Elektrikergatan 4;;;
194415;;2020-08-05 08:58:17;0,00;FNI;0,00;Fanérgatan 8;;;
183227;;2020-08-05 09:04:58;0,00;FNI;0,00;Sandvägen 2 -20, 29-51;;;
199790;;2020-08-05 09:04:59;0,00;FNI;0,00;Sandvägen 2 -20, 29-51;;;
178321;;2020-08-05 09:26:45;0,00;FNI;0,00;Axamo skogsväg 12;;;
206011;;2020-08-05 09:36:04;0,00;FNI;0,00;Källebacksvägen 24;;;
162744;;2020-08-05 09:36:04;0,00;FNI;0,00;Källebacksvägen 19;;;
180087;;2020-08-05 09:47:27;0,00;FNI;0,00;Hedenstorpsvägen 12;;;
169784;;2020-08-05 09:54:11;0,00;FNI;0,00;Tuvullsvägen 7;;;
197339;;2020-08-05 10:06:12;0,00;FNI;0,00;Mogölsvägen 24;;;
158564;;2020-08-05 10:16:31;0,00;FNI;0,00;Mogölsvägen 16;;;
207579;;2020-08-05 10:17:34;0,00;FNI;0,00;Kärrviolsvägen 5;;;
207580;;2020-08-05 10:17:35;0,00;FNI;0,00;Kärrviolsvägen 5;;;
154738;;2020-08-05 10:47:42;0,00;FNI;0,00;Räddningstjänsten Axamo Övningsplats;;;
154738;;2020-08-05 10:47:43;0,00;FNI;0,00;Räddningstjänsten Axamo Övningsplats;;;
192590;;2020-08-05 10:47:44;0,00;FNI;0,00;Snickaregatan 2;;;
178321;;2020-08-05 10:47:45;0,00;FNI;0,00;Axamo skogsväg 12;;;
205296;;2020-08-05 10:47:48;0,00;FNI;0,00;Snickaregatan 2;;;
143519;;2020-08-05 10:47:49;0,00;FNI;0,00;Axamo skogsväg 12;;;
143519;;2020-08-05 10:47:50;0,00;FNI;0,00;Axamo skogsväg 12;;;
197341;;2020-08-05 10:47:50;0,00;FNI;0,00;Tuvullsvägen 6;;;
180961;;2020-08-05 10:47:51;0,00;FNI;0,00;Tuvullsvägen 5;;;
154738;;2020-08-05 10:47:51;0,00;FNI;0,00;Räddningstjänsten Axamo Övningsplats;;;
183933;;2020-08-07 06:40:31;0,00;FNI;0,00;Strandvägen 8;;;
205440;;2020-08-07 06:54:22;0,00;FNI;0,00;Skolgatan 25;;;
195261;;2020-08-07 07:48:47;0,00;FNI;0,00;Jönköpingsvägen 10;;;
192981;;2020-08-07 07:48:48;0,00;FNI;0,00;Jönköpingsvägen 10;;;
199892;;2020-08-07 08:01:42;0,00;FNI;0,00;Malmgatan 2 -4;;;
192989;;2020-08-07 08:29:36;0,00;FNI;0,00;Villagatan 7 -9;;;
205721;;2020-08-07 08:29:37;0,00;FNI;0,00;Villagatan 7 -9;;;
195404;;2020-08-07 08:29:42;0,00;FNI;0,00;Nygatan 21;;;
205424;;2020-08-07 08:29:43;0,00;FNI;0,00;Nygatan 21;;;
205424;;2020-08-07 08:29:45;0,00;FNI;0,00;Nygatan 21;;;
195396;;2020-08-07 08:29:46;0,00;FNI;0,00;Nygatan 14;;;
192982;;2020-08-07 08:48:06;0,00;FNI;0,00;Ringvägen 3;;;
195242;;2020-08-07 08:48:08;0,00;FNI;0,00;Hjovägen 17;;;
204549;;2020-08-07 08:48:09;0,00;FNI;0,00;Hjovägen 17;;;
204543;;2020-08-07 09:01:06;0,00;FNI;0,00;Lybäcksvägen;;;
204967;;2020-08-07 09:40:09;0,00;FNI;0,00;Nygatan 7/Hagabodaskolan;;;
204967;;2020-08-07 09:40:09;0,00;FNI;0,00;Nygatan 7/Hagabodaskolan;;;
204967;;2020-08-07 09:40:09;0,00;FNI;0,00;Nygatan 7/Hagabodaskolan;;;
204967;;2020-08-07 09:40:10;0,00;FNI;0,00;Nygatan 7/Hagabodaskolan;;;
204911;;2020-08-07 09:47:54;0,00;FNI;0,00;Jönköpingsvägen 19;;;
192980;;2020-08-07 10:15:05;0,00;FNI;0,00;Kärrsvägen 27;;;
204557;;2020-08-07 10:15:06;0,00;FNI;0,00;Kärrsvägen 27;;;
204570;;2020-08-07 10:25:15;0,00;FNI;0,00;Kärrsvägen 39;;;
207799;;2020-08-07 11:32:58;0,00;FNI;0,00;Gröne vägen 3 -5;;;
194881;;2020-08-07 11:33:02;0,00;FNI;0,00;Storgatan 8;;;
193320;;2020-08-07 11:33:05;0,00;FNI;0,00;Habo Kyrkby Sockenstugan;;;
193321;;2020-08-07 11:33:06;0,00;FNI;0,00;Habo Kyrkby Sockenstugan;;;
193321;;2020-08-07 11:33:08;0,00;FNI;0,00;Habo Kyrkby Sockenstugan;;;
193932;;2020-08-07 11:33:10;0,00;FNI;0,00;Kivarp 1;;;
204363;;2020-08-07 11:33:11;0,00;FNI;0,00;Kivarp 1;;;
195345;;2020-08-07 11:33:13;0,00;FNI;0,00;Malmgatan 2 -4;;;
195394;;2020-08-07 11:33:14;0,00;FNI;0,00;Nygatan 12 A-B;;;
195357;;2020-08-07 11:33:15;0,00;FNI;0,00;Malmgatan 25;;;
195356;;2020-08-07 11:33:15;0,00;FNI;0,00;Malmgatan 23;;;
192985;;2020-08-07 11:33:16;0,00;FNI;0,00;Nygatan 7/Hagabodaskolan;;;
192985;;2020-08-07 11:33:18;0,00;FNI;0,00;Nygatan 7/Hagabodaskolan;;;
194470;;2020-08-07 11:33:19;0,00;FNI;0,00;Kärrsvägen 15;;;
204902;;2020-08-07 11:33:22;0,00;FNI;0,00;Kärrsvägen 15;;;
194530;;2020-08-07 11:33:23;0,00;FNI;0,00;Kärrsvägen 15;;;
206123;;2020-08-07 11:33:24;0,00;FNI;0,00;Kärrsvägen 15;;;
192634;;2020-08-07 11:33:25;0,00;FNI;0,00;Ängstigen 37;;;
192634;;2020-08-07 11:33:26;0,00;FNI;0,00;Ängstigen 37;;;
205013;;2020-08-07 11:33:27;0,00;FNI;0,00;Ängstigen 37;;;
205905;;2020-08-07 11:33:27;0,00;FNI;0,00;Kärrsvägen 29 A;;;
205903;;2020-08-07 11:33:31;0,00;FNI;0,00;Kärrsvägen 29 A;;;
207378;;2020-08-07 11:33:32;0,00;FNI;0,00;Kärrsvägen 39;;;
204570;;2020-08-07 11:33:33;0,00;FNI;0,00;Kärrsvägen 39;;;
204570;;2020-08-07 11:33:34;0,00;FNI;0,00;Kärrsvägen 39;;;
204570;;2020-08-07 11:33:35;0,00;FNI;0,00;Kärrsvägen 39;;;
204570;;2020-08-07 11:33:36;0,00;FNI;0,00;Kärrsvägen 39;;;
192991;;2020-08-07 11:33:38;0,00;FNI;0,00;Kråkerydsvägen 4 A-B;;;
192991;;2020-08-07 11:33:39;0,00;FNI;0,00;Kråkerydsvägen 4 A-B;;;
204547;;2020-08-07 11:33:40;0,00;FNI;0,00;Kråkerydsvägen 4 A-B;;;
194132;;2020-08-07 11:33:49;0,00;FNI;0,00;Carlsforsliden 2 A-B;;;
204559;;2020-08-07 11:33:50;0,00;FNI;0,00;Carlsforsliden 2 A-B;;;
204545;;2020-08-07 11:33:51;0,00;FNI;0,00;Lybäcksvägen;;;
192984;;2020-08-07 11:33:54;0,00;FNI;0,00;Sporthallen;;;
192984;;2020-08-07 11:33:56;0,00;FNI;0,00;Sporthallen;;;
192976;;2020-08-07 11:34:10;0,00;FNI;0,00;Dalgatan 5;;;
204966;;2020-08-07 11:34:24;0,00;FNI;0,00;Nygatan 7/Hagabodaskolan;;;
192983;;2020-08-07 11:34:26;0,00;FNI;0,00;Skolgatan/Hagenskolan;;;
192983;;2020-08-07 11:34:28;0,00;FNI;0,00;Skolgatan/Hagenskolan;;;
194346;;2020-08-07 12:03:13;0,00;FNI;0,00;Bagaregatan 2;;;
195263;;2020-08-07 12:03:15;0,00;FNI;0,00;Jönköpingsvägen 12;;;
193718;;2020-08-07 13:08:08;0,00;FNI;0,00;Västergården;;;
;;;;;;;;∑ Mängd: ;0,00
;;;;;;;;∑ Antal:;174
